"Tarih","Şimdi","Açılış","Yüksek","Düşük","Hac.","Fark %"
"16.06.2024","2.321,51","2.331,27","2.368,77","2.306,66","","-0,47%"
"09.06.2024","2.332,52","2.296,00","2.341,70","2.287,31","","1,74%"
"02.06.2024","2.292,71","2.329,61","2.387,85","2.286,77","","-1,47%"
"26.05.2024","2.326,97","2.334,50","2.364,12","2.321,64","","-0,29%"
"19.05.2024","2.333,76","2.415,02","2.450,13","2.325,40","","-3,36%"
"12.05.2024","2.414,89","2.362,70","2.422,87","2.332,34","","2,32%"
"05.05.2024","2.360,14","2.302,50","2.378,45","2.291,79","","2,55%"
"28.04.2024","2.301,56","2.337,50","2.346,85","2.277,47","","-1,55%"
"21.04.2024","2.337,72","2.388,20","2.388,72","2.291,40","","-2,21%"
"14.04.2024","2.390,45","2.343,86","2.417,79","2.324,59","","2,01%"
"07.04.2024","2.343,43","2.322,00","2.431,53","2.302,86","","0,60%"
"31.03.2024","2.329,50","2.239,59","2.330,34","2.228,54","","4,35%"
"24.03.2024","2.232,38","2.165,79","2.235,90","2.163,50","","3,15%"
"17.03.2024","2.164,15","2.156,00","2.222,90","2.146,05","","0,40%"
"10.03.2024","2.155,54","2.177,71","2.189,04","2.150,59","","-1,01%"
"03.03.2024","2.177,51","2.082,09","2.195,20","2.079,45","","4,52%"
"25.02.2024","2.083,39","2.034,49","2.088,40","2.024,56","","2,34%"
"18.02.2024","2.035,72","2.013,16","2.041,43","2.011,57","","1,12%"
"11.02.2024","2.013,10","2.024,53","2.030,05","1.984,30","","-0,55%"
"04.02.2024","2.024,16","2.039,91","2.044,65","2.014,40","","-0,71%"
"28.01.2024","2.038,59","2.019,40","2.065,42","2.017,38","","1,00%"
"21.01.2024","2.018,34","2.029,90","2.037,92","2.010,15","","-0,53%"
"14.01.2024","2.029,09","2.048,09","2.059,25","2.001,91","","-0,96%"
"07.01.2024","2.048,72","2.044,08","2.062,35","2.013,32","","0,16%"
"31.12.2023","2.045,50","2.062,90","2.079,02","2.024,49","","-0,83%"
"24.12.2023","2.062,58","2.055,73","2.088,54","2.053,59","","0,47%"
"17.12.2023","2.052,98","2.020,09","2.070,65","2.015,99","","1,72%"
"10.12.2023","2.018,19","2.003,60","2.047,98","1.973,09","","0,74%"
"03.12.2023","2.003,39","2.071,25","2.135,90","1.994,74","","-3,26%"
"26.11.2023","2.070,90","2.002,78","2.075,34","2.000,67","","3,42%"
"19.11.2023","2.002,33","1.980,25","2.007,64","1.965,06","","1,13%"
"12.11.2023","1.980,01","1.937,05","1.993,94","1.931,73","","2,23%"
"05.11.2023","1.936,79","1.992,30","1.993,30","1.933,18","","-2,78%"
"29.10.2023","1.992,27","2.004,80","2.007,82","1.969,90","","-0,67%"
"22.10.2023","2.005,78","1.972,90","2.009,48","1.953,50","","1,25%"
"15.10.2023","1.981,04","1.929,30","1.997,27","1.907,65","","2,55%"
"08.10.2023","1.931,70","1.832,74","1.933,76","1.832,63","","5,43%"
"01.10.2023","1.832,26","1.848,13","1.849,06","1.810,10","","-0,87%"
"24.09.2023","1.848,31","1.925,24","1.927,26","1.846,34","","-3,98%"
"17.09.2023","1.924,99","1.924,19","1.947,80","1.913,40","","0,07%"
"10.09.2023","1.923,57","1.919,16","1.930,94","1.900,95","","0,30%"
"03.09.2023","1.917,81","1.940,49","1.946,42","1.914,80","","-1,08%"
"27.08.2023","1.938,80","1.916,09","1.953,44","1.912,83","","1,27%"
"20.08.2023","1.914,53","1.889,40","1.923,94","1.884,50","","1,39%"
"13.08.2023","1.888,19","1.913,67","1.916,55","1.884,50","","-1,31%"
"06.08.2023","1.913,32","1.942,59","1.946,81","1.910,94","","-1,46%"
"30.07.2023","1.941,62","1.959,49","1.972,44","1.929,40","","-0,90%"
"23.07.2023","1.959,20","1.962,09","1.982,24","1.942,61","","-0,05%"
"16.07.2023","1.960,23","1.954,90","1.987,59","1.945,82","","0,27%"
"09.07.2023","1.954,93","1.925,19","1.963,84","1.912,68","","1,59%"
"02.07.2023","1.924,28","1.919,40","1.935,17","1.902,68","","0,25%"
"25.06.2023","1.919,57","1.924,30","1.933,48","1.893,01","","-0,09%"
"18.06.2023","1.921,36","1.957,99","1.958,93","1.910,24","","-1,84%"
"11.06.2023","1.957,36","1.960,25","1.970,74","1.925,30","","-0,17%"
"04.06.2023","1.960,60","1.947,59","1.973,09","1.938,14","","0,67%"
"28.05.2023","1.947,63","1.944,09","1.983,52","1.932,08","","0,07%"
"21.05.2023","1.946,33","1.977,80","1.985,30","1.936,84","","-1,53%"
"14.05.2023","1.976,56","2.011,72","2.022,20","1.951,97","","-1,72%"
"07.05.2023","2.011,15","2.015,95","2.048,22","2.001,05","","-0,27%"
"30.04.2023","2.016,54","1.991,34","2.073,29","1.977,05","","1,35%"
"23.04.2023","1.989,65","1.981,34","2.009,51","1.973,74","","0,34%"
"16.04.2023","1.982,89","2.001,85","2.015,13","1.969,28","","-1,01%"
"09.04.2023","2.003,04","2.008,30","2.048,84","1.981,59","","-0,25%"
"02.04.2023","2.008,02","1.970,84","2.032,20","1.949,82","","2,04%"
"26.03.2023","1.967,90","1.977,66","1.987,84","1.943,68","","-0,47%"
"19.03.2023","1.977,22","1.987,59","2.010,19","1.934,33","","-0,54%"
"12.03.2023","1.987,93","1.869,01","1.989,80","1.869,01","","6,43%"
"05.03.2023","1.867,83","1.855,35","1.870,28","1.809,40","","0,69%"
"26.02.2023","1.854,97","1.812,01","1.856,47","1.804,65","","2,44%"
"19.02.2023","1.810,81","1.842,73","1.847,86","1.808,91","","-1,67%"
"12.02.2023","1.841,59","1.865,69","1.871,03","1.818,34","","-1,24%"
"05.02.2023","1.864,67","1.865,17","1.890,69","1.852,69","","-0,05%"
"29.01.2023","1.865,53","1.928,40","1.959,77","1.861,41","","-3,21%"
"22.01.2023","1.927,34","1.926,20","1.949,27","1.911,44","","0,04%"
"15.01.2023","1.926,57","1.920,39","1.937,72","1.896,56","","0,33%"
"08.01.2023","1.920,21","1.865,45","1.922,24","1.864,59","","2,92%"
"01.01.2023","1.865,71","1.823,85","1.870,37","1.823,85","","2,26%"
"25.12.2022","1.824,40","1.798,57","1.833,39","1.796,16","","1,47%"
"18.12.2022","1.797,91","1.793,13","1.824,39","1.783,48","","0,31%"
"11.12.2022","1.792,34","1.797,35","1.824,87","1.772,00","","-0,24%"
"04.12.2022","1.796,63","1.797,92","1.810,33","1.765,32","","-0,07%"
"27.11.2022","1.797,82","1.755,00","1.804,93","1.738,98","","2,37%"
"20.11.2022","1.756,14","1.750,82","1.761,58","1.728,25","","0,37%"
"13.11.2022","1.749,74","1.771,42","1.786,68","1.747,04","","-1,18%"
"06.11.2022","1.770,69","1.681,30","1.773,17","1.664,32","","5,38%"
"30.10.2022","1.680,27","1.643,69","1.682,17","1.616,18","","2,35%"
"23.10.2022","1.641,76","1.658,19","1.675,12","1.637,39","","-0,90%"
"16.10.2022","1.656,66","1.644,09","1.668,69","1.617,21","","0,89%"
"09.10.2022","1.642,10","1.696,13","1.700,13","1.639,73","","-3,11%"
"02.10.2022","1.694,78","1.660,84","1.729,64","1.658,55","","2,05%"
"25.09.2022","1.660,67","1.645,99","1.676,19","1.614,60","","1,01%"
"18.09.2022","1.644,09","1.675,89","1.688,89","1.639,99","","-1,86%"
"11.09.2022","1.675,32","1.716,76","1.735,36","1.653,47","","-2,43%"
"04.09.2022","1.717,05","1.713,39","1.730,29","1.691,10","","0,27%"
"28.08.2022","1.712,44","1.736,49","1.746,39","1.688,60","","-1,46%"
"21.08.2022","1.737,86","1.747,39","1.766,39","1.728,01","","-0,59%"
"14.08.2022","1.748,11","1.801,87","1.802,37","1.744,97","","-3,01%"
"07.08.2022","1.802,34","1.773,89","1.808,36","1.770,98","","1,53%"
"31.07.2022","1.775,15","1.765,79","1.795,79","1.754,97","","0,51%"
"24.07.2022","1.766,22","1.728,39","1.768,79","1.712,13","","2,24%"
"17.07.2022","1.727,46","1.708,49","1.739,99","1.681,25","","1,15%"
"10.07.2022","1.707,78","1.743,61","1.746,19","1.698,07","","-2,01%"
"03.07.2022","1.742,82","1.813,01","1.815,01","1.732,00","","-3,77%"
"26.06.2022","1.811,18","1.838,59","1.841,79","1.784,50","","-0,88%"
"19.06.2022","1.827,18","1.840,90","1.848,69","1.817,10","","-0,72%"
"12.06.2022","1.840,35","1.876,54","1.878,05","1.804,90","","-1,66%"
"05.06.2022","1.871,46","1.850,19","1.876,15","1.825,13","","1,10%"
"29.05.2022","1.851,14","1.851,17","1.874,17","1.828,18","","-0,14%"
"22.05.2022","1.853,73","1.847,28","1.870,49","1.841,77","","0,38%"
"15.05.2022","1.846,68","1.811,80","1.850,29","1.787,60","","1,93%"
"08.05.2022","1.811,73","1.883,36","1.886,03","1.799,43","","-3,82%"
"01.05.2022","1.883,59","1.895,92","1.910,18","1.850,53","","-0,70%"
"24.04.2022","1.896,83","1.930,73","1.934,56","1.872,25","","-1,76%"
"17.04.2022","1.930,73","1.973,29","1.999,10","1.926,90","","-2,23%"
"10.04.2022","1.974,81","1.946,26","1.981,57","1.939,93","","1,44%"
"03.04.2022","1.946,85","1.925,29","1.948,97","1.915,86","","1,12%"
"27.03.2022","1.925,30","1.959,49","1.959,50","1.890,45","","-1,69%"
"20.03.2022","1.958,40","1.922,59","1.966,81","1.911,20","","1,92%"
"13.03.2022","1.921,46","1.984,56","1.989,83","1.895,07","","-3,23%"
"06.03.2022","1.985,67","1.976,88","2.070,28","1.958,78","","0,85%"
"27.02.2022","1.968,91","1.920,07","1.970,46","1.890,26","","4,29%"
"20.02.2022","1.887,98","1.900,43","1.974,38","1.878,91","","-0,54%"
"13.02.2022","1.898,30","1.861,13","1.902,66","1.843,94","","2,03%"
"06.02.2022","1.860,56","1.807,09","1.865,75","1.807,09","","2,91%"
"30.01.2022","1.807,88","1.791,08","1.815,06","1.784,79","","0,92%"
"23.01.2022","1.791,41","1.834,26","1.854,04","1.779,57","","-2,31%"
"16.01.2022","1.833,75","1.818,02","1.848,23","1.805,51","","0,89%"
"09.01.2022","1.817,55","1.795,48","1.829,25","1.790,37","","1,19%"
"02.01.2022","1.796,16","1.830,40","1.832,14","1.782,62","","-1,78%"
"26.12.2021","1.828,78","1.807,88","1.830,45","1.788,72","","1,13%"
"19.12.2021","1.808,40","1.799,28","1.812,60","1.784,19","","0,57%"
"12.12.2021","1.798,19","1.783,00","1.814,56","1.753,81","","0,86%"
"05.12.2021","1.782,89","1.784,91","1.793,29","1.769,09","","-0,07%"
"28.11.2021","1.784,07","1.789,52","1.808,69","1.761,52","","-0,45%"
"21.11.2021","1.792,07","1.846,62","1.849,44","1.778,06","","-2,90%"
"14.11.2021","1.845,60","1.868,59","1.877,90","1.843,55","","-1,02%"
"07.11.2021","1.864,57","1.818,51","1.868,78","1.811,92","","2,58%"
"31.10.2021","1.817,73","1.783,86","1.818,97","1.758,63","","1,93%"
"24.10.2021","1.783,39","1.793,58","1.810,69","1.771,68","","-0,54%"
"17.10.2021","1.793,01","1.767,88","1.814,16","1.759,52","","1,44%"
"10.10.2021","1.767,59","1.757,23","1.800,46","1.749,24","","0,60%"
"03.10.2021","1.757,03","1.762,05","1.781,56","1.745,20","","-0,21%"
"26.09.2021","1.760,69","1.751,02","1.764,39","1.720,82","","0,59%"
"19.09.2021","1.750,41","1.754,44","1.787,46","1.738,01","","-0,25%"
"12.09.2021","1.754,73","1.788,67","1.809,08","1.744,88","","-1,84%"
"05.09.2021","1.787,67","1.828,74","1.830,28","1.781,64","","-2,16%"
"29.08.2021","1.827,19","1.817,89","1.834,80","1.801,89","","0,55%"
"22.08.2021","1.817,22","1.780,65","1.819,38","1.775,95","","2,02%"
"15.08.2021","1.781,25","1.778,27","1.795,63","1.769,98","","0,08%"
"08.08.2021","1.779,74","1.762,88","1.780,55","1.684,96","","0,94%"
"01.08.2021","1.763,09","1.814,29","1.831,91","1.758,10","","-2,81%"
"25.07.2021","1.814,09","1.802,77","1.832,91","1.792,41","","0,65%"
"18.07.2021","1.802,34","1.812,09","1.825,75","1.790,98","","-0,53%"
"11.07.2021","1.811,89","1.808,49","1.834,65","1.791,49","","0,16%"
"04.07.2021","1.808,98","1.787,99","1.819,10","1.784,29","","1,21%"
"27.06.2021","1.787,38","1.781,45","1.795,45","1.749,79","","0,34%"
"20.06.2021","1.781,34","1.764,99","1.795,56","1.764,99","","0,96%"
"13.06.2021","1.764,34","1.875,19","1.878,54","1.761,54","","-6,03%"
"06.06.2021","1.877,64","1.888,49","1.904,41","1.870,46","","-0,70%"
"30.05.2021","1.890,97","1.904,09","1.917,40","1.856,59","","-0,67%"
"23.05.2021","1.903,64","1.882,96","1.913,50","1.873,40","","1,19%"
"16.05.2021","1.881,30","1.844,29","1.890,75","1.841,29","","2,07%"
"09.05.2021","1.843,19","1.833,49","1.846,06","1.809,44","","0,66%"
"02.05.2021","1.831,03","1.768,44","1.843,46","1.765,84","","3,50%"
"25.04.2021","1.769,19","1.776,57","1.790,45","1.756,41","","-0,51%"
"18.04.2021","1.778,18","1.779,50","1.798,67","1.763,50","","0,08%"
"11.04.2021","1.776,68","1.743,79","1.783,93","1.723,05","","1,87%"
"04.04.2021","1.744,10","1.729,29","1.759,45","1.721,83","","0,85%"
"28.03.2021","1.729,34","1.731,49","1.733,29","1.678,11","","-0,19%"
"21.03.2021","1.732,57","1.745,89","1.747,36","1.721,20","","-0,72%"
"14.03.2021","1.745,19","1.727,54","1.755,70","1.718,88","","1,06%"
"07.03.2021","1.726,95","1.702,33","1.740,17","1.676,64","","1,51%"
"28.02.2021","1.701,24","1.733,28","1.759,91","1.686,79","","-1,88%"
"21.02.2021","1.733,89","1.782,10","1.816,04","1.717,25","","-2,74%"
"14.02.2021","1.782,69","1.824,97","1.827,21","1.759,67","","-2,26%"
"07.02.2021","1.823,85","1.815,17","1.855,39","1.807,18","","0,66%"
"31.01.2021","1.811,95","1.862,82","1.871,82","1.785,09","","-1,87%"
"24.01.2021","1.846,49","1.855,16","1.875,66","1.831,20","","-0,38%"
"17.01.2021","1.853,55","1.829,44","1.875,86","1.810,90","","1,45%"
"10.01.2021","1.826,99","1.848,89","1.863,87","1.816,94","","-1,17%"
"03.01.2021","1.848,64","1.905,58","1.959,39","1.828,74","","-2,63%"
"27.12.2020","1.898,60","1.885,18","1.901,26","1.868,84","","1,15%"
"20.12.2020","1.877,08","1.884,19","1.907,71","1.857,54","","-0,21%"
"13.12.2020","1.881,05","1.839,08","1.896,19","1.819,73","","2,26%"
"06.12.2020","1.839,56","1.838,27","1.875,60","1.823,02","","0,09%"
"29.11.2020","1.837,99","1.788,93","1.848,14","1.764,68","","2,74%"
"22.11.2020","1.789,05","1.870,38","1.876,87","1.774,02","","-4,38%"
"15.11.2020","1.871,02","1.888,72","1.899,34","1.852,36","","-0,93%"
"08.11.2020","1.888,59","1.954,34","1.965,88","1.850,48","","-3,24%"
"01.11.2020","1.951,89","1.877,73","1.960,52","1.873,04","","3,88%"
"25.10.2020","1.878,95","1.902,49","1.911,96","1.859,92","","-1,20%"
"18.10.2020","1.901,86","1.900,35","1.932,07","1.895,21","","0,14%"
"11.10.2020","1.899,22","1.929,76","1.933,22","1.882,26","","-1,62%"
"04.10.2020","1.930,43","1.902,09","1.931,16","1.873,66","","1,62%"
"27.09.2020","1.899,70","1.859,00","1.917,76","1.849,81","","2,08%"
"20.09.2020","1.861,05","1.949,79","1.956,34","1.848,57","","-4,57%"
"13.09.2020","1.950,25","1.940,75","1.973,72","1.932,92","","0,40%"
"06.09.2020","1.942,50","1.930,99","1.966,94","1.907,24","","0,50%"
"30.08.2020","1.932,85","1.965,39","1.992,31","1.916,64","","-1,63%"
"23.08.2020","1.964,89","1.938,40","1.976,43","1.902,63","","1,27%"
"16.08.2020","1.940,16","1.946,30","2.015,73","1.911,76","","-0,21%"
"09.08.2020","1.944,29","2.033,73","2.050,12","1.864,20","","-4,46%"
"02.08.2020","2.035,03","1.980,27","2.072,90","1.959,99","","2,99%"
"26.07.2020","1.975,89","1.899,95","1.981,77","1.899,95","","3,91%"
"19.07.2020","1.901,46","1.809,06","1.906,47","1.805,48","","5,06%"
"12.07.2020","1.809,90","1.799,01","1.815,40","1.791,77","","0,61%"
"05.07.2020","1.798,89","1.776,49","1.818,29","1.770,35","","1,34%"
"28.06.2020","1.775,05","1.772,75","1.789,22","1.757,11","","0,20%"
"21.06.2020","1.771,47","1.748,87","1.779,91","1.743,65","","1,60%"
"14.06.2020","1.743,62","1.732,20","1.745,68","1.704,60","","0,74%"
"07.06.2020","1.730,80","1.684,32","1.745,39","1.677,77","","2,67%"
"31.05.2020","1.685,83","1.736,69","1.745,23","1.670,75","","-2,46%"
"24.05.2020","1.728,30","1.736,36","1.738,99","1.695,22","","-0,45%"
"17.05.2020","1.736,07","1.744,68","1.766,55","1.718,44","","-0,40%"
"10.05.2020","1.743,00","1.704,39","1.753,25","1.692,19","","2,37%"
"03.05.2020","1.702,65","1.699,00","1.724,56","1.683,08","","0,13%"
"26.04.2020","1.700,41","1.724,78","1.727,74","1.669,82","","-1,68%"
"19.04.2020","1.729,43","1.692,25","1.740,58","1.661,68","","2,66%"
"12.04.2020","1.684,69","1.682,49","1.747,00","1.673,19","","-0,31%"
"05.04.2020","1.689,90","1.596,50","1.696,50","1.596,50","","4,41%"
"29.03.2020","1.618,45","1.618,00","1.636,21","1.563,99","","-0,31%"
"22.03.2020","1.623,50","1.513,50","1.648,39","1.490,65","","8,36%"
"15.03.2020","1.498,24","1.550,49","1.573,39","1.451,59","","-2,06%"
"08.03.2020","1.529,70","1.694,38","1.702,95","1.506,73","","-8,63%"
"01.03.2020","1.674,23","1.591,09","1.692,11","1.579,63","","5,62%"
"23.02.2020","1.585,12","1.659,05","1.689,05","1.565,86","","-3,56%"
"16.02.2020","1.643,70","1.584,84","1.649,14","1.578,49","","3,72%"
"09.02.2020","1.584,70","1.569,93","1.585,04","1.561,55","","0,92%"
"02.02.2020","1.570,29","1.589,83","1.591,84","1.547,28","","-1,25%"
"26.01.2020","1.590,20","1.580,09","1.590,20","1.563,09","","1,24%"
"19.01.2020","1.570,65","1.558,55","1.575,76","1.546,25","","0,90%"
"12.01.2020","1.556,61","1.562,43","1.562,44","1.536,02","","-0,36%"
"05.01.2020","1.562,28","1.560,74","1.611,15","1.540,03","","0,69%"
"29.12.2019","1.551,65","1.511,64","1.553,45","1.510,11","","2,71%"
"22.12.2019","1.510,67","1.478,20","1.515,34","1.477,50","","2,20%"
"15.12.2019","1.478,20","1.475,45","1.482,05","1.470,10","","0,16%"
"08.12.2019","1.475,81","1.459,34","1.487,05","1.458,70","","1,10%"
"01.12.2019","1.459,76","1.466,88","1.484,25","1.453,85","","-0,34%"
"24.11.2019","1.464,80","1.462,94","1.467,21","1.451,20","","0,17%"
"17.11.2019","1.462,29","1.467,66","1.479,05","1.456,12","","-0,35%"
"10.11.2019","1.467,37","1.458,96","1.474,48","1.445,43","","0,60%"
"03.11.2019","1.458,66","1.513,65","1.514,79","1.456,05","","-3,65%"
"27.10.2019","1.513,95","1.504,36","1.515,81","1.481,22","","0,61%"
"20.10.2019","1.504,73","1.492,17","1.518,10","1.480,84","","0,98%"
"13.10.2019","1.490,10","1.488,90","1.498,14","1.477,05","","0,02%"
"06.10.2019","1.489,85","1.504,91","1.517,17","1.474,30","","-0,98%"
"29.09.2019","1.504,60","1.497,08","1.518,75","1.458,75","","0,51%"
"22.09.2019","1.496,94","1.516,79","1.535,98","1.486,98","","-1,33%"
"15.09.2019","1.517,15","1.503,09","1.517,21","1.484,56","","1,91%"
"08.09.2019","1.488,70","1.507,05","1.523,86","1.484,15","","-1,21%"
"01.09.2019","1.506,95","1.520,05","1.557,25","1.502,75","","-0,87%"
"25.08.2019","1.520,25","1.539,30","1.554,96","1.517,51","","-0,43%"
"18.08.2019","1.526,85","1.511,45","1.530,43","1.492,25","","0,84%"
"11.08.2019","1.514,15","1.497,66","1.534,71","1.481,46","","1,13%"
"04.08.2019","1.497,24","1.440,80","1.510,40","1.437,10","","3,92%"
"28.07.2019","1.440,70","1.419,04","1.448,05","1.400,56","","1,55%"
"21.07.2019","1.418,69","1.425,13","1.433,85","1.411,15","","-0,46%"
"14.07.2019","1.425,30","1.415,88","1.452,98","1.400,13","","0,68%"
"07.07.2019","1.415,74","1.399,90","1.426,25","1.386,36","","1,13%"
"30.06.2019","1.399,95","1.392,98","1.436,39","1.381,91","","-0,68%"
"23.06.2019","1.409,50","1.401,35","1.439,03","1.400,25","","0,75%"
"16.06.2019","1.399,05","1.342,06","1.411,18","1.332,85","","4,28%"
"09.06.2019","1.341,58","1.335,81","1.358,29","1.319,60","","0,07%"
"02.06.2019","1.340,70","1.307,55","1.348,48","1.306,70","","2,68%"
"26.05.2019","1.305,65","1.285,80","1.307,04","1.274,84","","1,62%"
"19.05.2019","1.284,89","1.277,80","1.287,48","1.269,22","","0,57%"
"12.05.2019","1.277,55","1.286,71","1.303,66","1.274,91","","-0,66%"
"05.05.2019","1.286,00","1.281,21","1.291,79","1.276,75","","0,53%"
"28.04.2019","1.279,19","1.286,40","1.287,21","1.266,10","","-0,55%"
"21.04.2019","1.286,25","1.275,98","1.288,99","1.266,30","","0,85%"
"14.04.2019","1.275,39","1.290,59","1.292,15","1.271,02","","-1,16%"
"07.04.2019","1.290,40","1.291,80","1.310,90","1.289,60","","-0,10%"
"31.03.2019","1.291,70","1.291,48","1.297,19","1.280,99","","-0,03%"
"24.03.2019","1.292,15","1.313,20","1.324,58","1.286,60","","-1,62%"
"17.03.2019","1.313,38","1.301,64","1.320,47","1.298,12","","0,92%"
"10.03.2019","1.301,38","1.298,70","1.311,33","1.290,15","","0,23%"
"03.03.2019","1.298,39","1.293,75","1.300,99","1.281,09","","0,37%"
"24.02.2019","1.293,56","1.328,76","1.332,78","1.290,16","","-2,58%"
"17.02.2019","1.327,80","1.321,29","1.346,82","1.320,44","","0,48%"
"10.02.2019","1.321,41","1.314,55","1.322,98","1.302,96","","0,56%"
"03.02.2019","1.314,07","1.317,56","1.318,81","1.302,18","","-0,30%"
"27.01.2019","1.318,00","1.303,49","1.326,37","1.297,27","","1,13%"
"20.01.2019","1.303,22","1.281,08","1.303,69","1.276,39","","1,70%"
"13.01.2019","1.281,49","1.287,49","1.296,24","1.280,64","","-0,51%"
"06.01.2019","1.288,00","1.286,24","1.297,58","1.279,20","","0,24%"
"30.12.2018","1.284,92","1.280,08","1.298,51","1.276,49","","0,33%"
"23.12.2018","1.280,75","1.258,53","1.282,17","1.257,78","","1,97%"
"16.12.2018","1.256,01","1.237,24","1.266,49","1.235,46","","1,44%"
"09.12.2018","1.238,21","1.250,45","1.250,64","1.232,48","","-0,79%"
"02.12.2018","1.248,10","1.223,42","1.250,42","1.221,39","","2,14%"
"25.11.2018","1.221,97","1.223,99","1.229,05","1.210,74","","-0,10%"
"18.11.2018","1.223,19","1.222,44","1.230,82","1.218,20","","0,14%"
"11.11.2018","1.221,47","1.209,47","1.225,37","1.195,98","","0,98%"
"04.11.2018","1.209,60","1.233,36","1.236,31","1.206,52","","-1,89%"
"28.10.2018","1.232,89","1.234,17","1.237,80","1.211,93","","-0,06%"
"21.10.2018","1.233,59","1.228,38","1.243,73","1.220,08","","0,59%"
"14.10.2018","1.226,32","1.217,51","1.233,72","1.217,47","","0,69%"
"07.10.2018","1.217,93","1.203,16","1.226,67","1.183,44","","1,25%"
"30.09.2018","1.202,86","1.192,21","1.208,72","1.184,62","","0,90%"
"23.09.2018","1.192,09","1.198,59","1.204,51","1.180,74","","-0,62%"
"16.09.2018","1.199,55","1.193,24","1.211,47","1.191,97","","0,49%"
"09.09.2018","1.193,71","1.195,07","1.213,05","1.187,61","","-0,18%"
"02.09.2018","1.195,86","1.200,34","1.207,47","1.189,70","","-0,44%"
"26.08.2018","1.201,09","1.206,94","1.214,66","1.196,33","","-0,40%"
"19.08.2018","1.205,97","1.183,78","1.208,87","1.182,70","","1,79%"
"12.08.2018","1.184,77","1.211,28","1.214,25","1.160,38","","-2,19%"
"05.08.2018","1.211,30","1.213,71","1.218,30","1.205,85","","-0,18%"
"29.07.2018","1.213,43","1.222,96","1.228,72","1.204,40","","-0,81%"
"22.07.2018","1.223,38","1.231,30","1.235,57","1.217,34","","-0,68%"
"15.07.2018","1.231,76","1.241,41","1.245,93","1.211,47","","-0,79%"
"08.07.2018","1.241,52","1.255,24","1.266,39","1.237,10","","-1,07%"
"01.07.2018","1.254,99","1.253,89","1.261,88","1.238,11","","0,16%"
"24.06.2018","1.253,00","1.272,41","1.273,29","1.246,07","","-1,28%"
"17.06.2018","1.269,28","1.279,55","1.284,85","1.261,63","","-0,83%"
"10.06.2018","1.279,84","1.299,61","1.310,14","1.275,85","","-1,46%"
"03.06.2018","1.298,75","1.293,51","1.303,83","1.290,13","","0,43%"
"27.05.2018","1.293,14","1.298,74","1.306,87","1.289,52","","-0,65%"
"20.05.2018","1.301,61","1.290,95","1.308,24","1.282,20","","0,70%"
"13.05.2018","1.292,50","1.319,16","1.323,36","1.286,41","","-1,95%"
"06.05.2018","1.318,22","1.315,18","1.326,49","1.304,64","","0,24%"
"29.04.2018","1.315,05","1.322,80","1.325,33","1.301,91","","-0,59%"
"22.04.2018","1.322,80","1.335,71","1.336,29","1.315,96","","-0,92%"
"15.04.2018","1.335,12","1.344,61","1.356,14","1.335,07","","-0,77%"
"08.04.2018","1.345,46","1.333,22","1.365,68","1.327,06","","0,92%"
"01.04.2018","1.333,20","1.326,11","1.348,37","1.321,47","","0,62%"
"25.03.2018","1.325,00","1.348,51","1.357,66","1.322,21","","-1,65%"
"18.03.2018","1.347,22","1.314,02","1.350,66","1.307,37","","2,53%"
"11.03.2018","1.314,00","1.324,31","1.331,02","1.310,31","","-0,73%"
"04.03.2018","1.323,70","1.323,75","1.340,49","1.313,05","","0,11%"
"25.02.2018","1.322,20","1.327,53","1.340,88","1.302,64","","-0,51%"
"18.02.2018","1.328,94","1.347,19","1.351,03","1.320,68","","-1,40%"
"11.02.2018","1.347,86","1.315,07","1.361,84","1.314,14","","2,37%"
"04.02.2018","1.316,69","1.331,99","1.346,05","1.306,86","","-1,22%"
"28.01.2018","1.332,98","1.349,74","1.352,33","1.327,21","","-1,27%"
"21.01.2018","1.350,14","1.334,86","1.366,45","1.328,69","","1,38%"
"14.01.2018","1.331,80","1.336,94","1.344,82","1.324,09","","-0,49%"
"07.01.2018","1.338,40","1.320,02","1.339,40","1.307,97","","1,38%"
"31.12.2017","1.320,21","1.302,89","1.326,26","1.302,85","","1,36%"
"24.12.2017","1.302,55","1.274,95","1.307,69","1.273,30","","2,16%"
"17.12.2017","1.275,01","1.253,80","1.276,38","1.252,70","","1,57%"
"10.12.2017","1.255,26","1.247,27","1.261,89","1.236,00","","0,57%"
"03.12.2017","1.248,14","1.273,22","1.277,54","1.244,10","","-2,51%"
"26.11.2017","1.280,26","1.288,58","1.299,21","1.270,19","","-0,62%"
"19.11.2017","1.288,22","1.293,01","1.295,12","1.275,25","","-0,48%"
"12.11.2017","1.294,37","1.274,81","1.297,04","1.270,60","","1,43%"
"05.11.2017","1.276,14","1.269,52","1.288,41","1.266,08","","0,50%"
"29.10.2017","1.269,85","1.273,59","1.284,48","1.265,55","","-0,27%"
"22.10.2017","1.273,35","1.277,82","1.284,41","1.264,10","","-0,58%"
"15.10.2017","1.280,72","1.303,54","1.306,46","1.276,62","","-1,85%"
"08.10.2017","1.304,88","1.275,65","1.304,88","1.275,41","","2,26%"
"01.10.2017","1.276,03","1.279,82","1.282,76","1.260,89","","-0,27%"
"24.09.2017","1.279,45","1.297,62","1.313,89","1.277,61","","-1,38%"
"17.09.2017","1.297,38","1.319,97","1.319,97","1.288,01","","-1,69%"
"10.09.2017","1.319,62","1.337,45","1.340,37","1.316,12","","-2,01%"
"03.09.2017","1.346,71","1.334,40","1.357,94","1.327,39","","1,64%"
"27.08.2017","1.324,97","1.292,18","1.329,20","1.291,90","","2,62%"
"20.08.2017","1.291,15","1.283,33","1.294,14","1.278,66","","0,52%"
"13.08.2017","1.284,50","1.289,40","1.301,20","1.267,63","","-0,37%"
"06.08.2017","1.289,21","1.259,04","1.292,26","1.251,41","","2,43%"
"30.07.2017","1.258,60","1.270,41","1.274,72","1.254,75","","-0,84%"
"23.07.2017","1.269,25","1.255,78","1.271,34","1.243,91","","1,14%"
"16.07.2017","1.254,90","1.228,60","1.256,30","1.228,30","","2,11%"
"09.07.2017","1.228,98","1.213,70","1.233,16","1.204,85","","1,33%"
"02.07.2017","1.212,90","1.241,46","1.242,83","1.207,25","","-2,31%"
"25.06.2017","1.241,60","1.258,03","1.258,44","1.236,86","","-1,22%"
"18.06.2017","1.256,90","1.254,00","1.259,31","1.241,25","","0,26%"
"11.06.2017","1.253,63","1.267,20","1.279,87","1.251,55","","-1,01%"
"04.06.2017","1.266,40","1.279,34","1.296,47","1.264,74","","-1,06%"
"28.05.2017","1.279,98","1.267,50","1.279,98","1.259,00","","1,02%"
"21.05.2017","1.267,05","1.256,09","1.269,88","1.247,63","","0,92%"
"14.05.2017","1.255,55","1.228,40","1.265,54","1.227,20","","2,17%"
"07.05.2017","1.228,83","1.225,67","1.237,10","1.214,31","","0,09%"
"30.04.2017","1.227,74","1.268,24","1.271,24","1.225,35","","-3,19%"
"23.04.2017","1.268,15","1.270,27","1.278,67","1.260,40","","-1,27%"
"16.04.2017","1.284,50","1.292,96","1.295,92","1.276,23","","-0,09%"
"09.04.2017","1.285,69","1.254,26","1.289,14","1.247,50","","2,52%"
"02.04.2017","1.254,05","1.248,40","1.270,96","1.243,85","","0,39%"
"26.03.2017","1.249,13","1.248,00","1.261,53","1.240,05","","0,40%"
"19.03.2017","1.244,17","1.229,41","1.253,49","1.226,69","","1,22%"
"12.03.2017","1.229,15","1.205,68","1.233,88","1.197,54","","2,04%"
"05.03.2017","1.204,55","1.232,49","1.236,84","1.194,62","","-2,41%"
"26.02.2017","1.234,30","1.257,41","1.263,88","1.222,59","","-1,80%"
"19.02.2017","1.256,94","1.235,21","1.260,48","1.226,12","","1,75%"
"12.02.2017","1.235,29","1.231,52","1.243,84","1.216,48","","0,09%"
"05.02.2017","1.234,12","1.219,67","1.244,78","1.219,01","","1,17%"
"29.01.2017","1.219,88","1.192,54","1.225,38","1.187,85","","2,37%"
"22.01.2017","1.191,60","1.209,71","1.219,97","1.181,04","","-1,52%"
"15.01.2017","1.209,96","1.200,57","1.219,04","1.195,87","","1,03%"
"08.01.2017","1.197,66","1.172,93","1.207,38","1.172,18","","2,12%"
"01.01.2017","1.172,81","1.150,80","1.184,99","1.145,77","","1,82%"
"25.12.2016","1.151,85","1.133,94","1.163,53","1.131,73","","1,62%"
"18.12.2016","1.133,49","1.134,35","1.142,70","1.125,62","","-0,05%"
"11.12.2016","1.134,09","1.159,02","1.165,86","1.122,45","","-2,05%"
"04.12.2016","1.157,87","1.182,84","1.187,83","1.156,17","","-1,62%"
"27.11.2016","1.176,92","1.183,08","1.197,58","1.160,42","","-0,57%"
"20.11.2016","1.183,63","1.208,46","1.221,81","1.171,96","","-2,07%"
"13.11.2016","1.208,69","1.227,89","1.233,45","1.203,90","","-1,39%"
"06.11.2016","1.225,68","1.291,61","1.337,50","1.219,50","","-6,02%"
"30.10.2016","1.304,25","1.278,41","1.308,26","1.271,29","","2,19%"
"23.10.2016","1.276,30","1.266,21","1.284,53","1.260,75","","0,75%"
"16.10.2016","1.266,75","1.250,25","1.274,32","1.250,25","","1,30%"
"09.10.2016","1.250,55","1.257,58","1.265,46","1.247,51","","-0,51%"
"02.10.2016","1.256,97","1.318,22","1.320,09","1.241,68","","-4,48%"
"25.09.2016","1.315,96","1.336,82","1.342,21","1.312,83","","-1,62%"
"18.09.2016","1.337,61","1.310,99","1.344,04","1.308,60","","2,07%"
"11.09.2016","1.310,43","1.328,18","1.332,56","1.306,62","","-1,33%"
"04.09.2016","1.328,15","1.324,13","1.353,11","1.322,02","","0,24%"
"28.08.2016","1.325,01","1.320,42","1.329,09","1.302,27","","0,28%"
"21.08.2016","1.321,33","1.340,56","1.345,18","1.317,94","","-1,52%"
"14.08.2016","1.341,78","1.338,19","1.358,57","1.336,07","","0,42%"
"07.08.2016","1.336,19","1.335,37","1.357,65","1.330,03","","0,03%"
"31.07.2016","1.335,80","1.350,22","1.368,03","1.334,87","","-1,12%"
"24.07.2016","1.350,91","1.322,50","1.355,42","1.312,35","","2,16%"
"17.07.2016","1.322,38","1.332,79","1.336,28","1.310,93","","-1,16%"
"10.07.2016","1.337,85","1.368,71","1.375,11","1.320,22","","-2,12%"
"03.07.2016","1.366,80","1.342,60","1.375,31","1.336,08","","1,83%"
"26.06.2016","1.342,30","1.326,24","1.344,60","1.305,62","","2,00%"
"19.06.2016","1.315,98","1.285,90","1.358,70","1.251,66","","1,34%"
"12.06.2016","1.298,60","1.274,04","1.315,93","1.272,68","","1,91%"
"05.06.2016","1.274,20","1.242,80","1.278,10","1.234,85","","2,39%"
"29.05.2016","1.244,49","1.213,41","1.244,91","1.200,01","","2,65%"
"22.05.2016","1.212,40","1.250,91","1.255,86","1.206,70","","-3,19%"
"15.05.2016","1.252,30","1.272,49","1.288,59","1.244,38","","-1,67%"
"08.05.2016","1.273,60","1.284,95","1.288,00","1.257,65","","-1,17%"
"01.05.2016","1.288,70","1.293,71","1.304,00","1.269,26","","-0,39%"
"24.04.2016","1.293,74","1.232,09","1.296,49","1.230,09","","4,99%"
"17.04.2016","1.232,30","1.234,09","1.270,48","1.227,35","","-0,14%"
"10.04.2016","1.234,05","1.239,78","1.262,98","1.223,79","","-0,51%"
"03.04.2016","1.240,39","1.219,98","1.243,88","1.214,34","","1,46%"
"27.03.2016","1.222,49","1.214,49","1.243,29","1.208,54","","0,49%"
"20.03.2016","1.216,47","1.254,62","1.259,97","1.212,58","","-3,09%"
"13.03.2016","1.255,30","1.251,32","1.271,61","1.226,41","","0,55%"
"06.03.2016","1.248,44","1.259,48","1.282,89","1.237,44","","-0,87%"
"28.02.2016","1.259,44","1.222,73","1.279,98","1.217,98","","3,01%"
"21.02.2016","1.222,60","1.226,13","1.253,30","1.202,02","","-0,46%"
"14.02.2016","1.228,19","1.232,55","1.239,88","1.190,79","","-0,80%"
"07.02.2016","1.238,05","1.170,89","1.260,98","1.164,09","","5,48%"
"31.01.2016","1.173,69","1.117,90","1.174,90","1.116,26","","4,98%"
"24.01.2016","1.118,04","1.097,86","1.128,20","1.097,36","","1,80%"
"17.01.2016","1.098,30","1.089,60","1.109,59","1.082,93","","0,84%"
"10.01.2016","1.089,10","1.104,17","1.108,49","1.071,38","","-1,37%"
"03.01.2016","1.104,24","1.065,36","1.112,40","1.061,90","","4,10%"
"27.12.2015","1.060,74","1.076,10","1.077,25","1.058,50","","-1,41%"
"20.12.2015","1.075,88","1.065,93","1.081,88","1.063,88","","0,91%"
"13.12.2015","1.066,19","1.073,78","1.078,59","1.047,63","","-0,81%"
"06.12.2015","1.074,89","1.085,99","1.086,98","1.062,38","","-1,11%"
"29.11.2015","1.086,99","1.057,79","1.089,09","1.046,24","","2,66%"
"22.11.2015","1.058,81","1.077,01","1.080,91","1.052,86","","-1,79%"
"15.11.2015","1.078,10","1.088,14","1.098,29","1.065,34","","-0,51%"
"08.11.2015","1.083,64","1.089,94","1.095,88","1.074,64","","-0,46%"
"01.11.2015","1.088,64","1.141,47","1.142,99","1.085,29","","-4,70%"
"25.10.2015","1.142,38","1.164,42","1.182,88","1.139,48","","-1,88%"
"18.10.2015","1.164,26","1.176,24","1.180,70","1.159,16","","-1,10%"
"11.10.2015","1.177,20","1.155,61","1.190,93","1.151,46","","1,70%"
"04.10.2015","1.157,53","1.137,96","1.160,20","1.129,98","","1,70%"
"27.09.2015","1.138,14","1.145,80","1.148,30","1.104,52","","-0,71%"
"20.09.2015","1.146,24","1.139,59","1.156,68","1.121,37","","0,60%"
"13.09.2015","1.139,40","1.107,80","1.141,90","1.102,91","","2,84%"
"06.09.2015","1.107,90","1.123,25","1.126,80","1.098,75","","-1,34%"
"30.08.2015","1.123,00","1.133,25","1.147,56","1.117,15","","-0,97%"
"23.08.2015","1.133,96","1.162,35","1.167,90","1.117,75","","-2,33%"
"16.08.2015","1.161,05","1.114,35","1.168,80","1.109,55","","4,21%"
"09.08.2015","1.114,11","1.094,40","1.126,71","1.089,81","","1,82%"
"02.08.2015","1.094,20","1.095,26","1.099,90","1.081,00","","-0,13%"
"26.07.2015","1.095,65","1.099,40","1.105,15","1.079,75","","-0,31%"
"19.07.2015","1.099,10","1.133,70","1.133,70","1.077,75","","-3,09%"
"12.07.2015","1.134,10","1.163,40","1.164,70","1.131,20","","-2,57%"
"05.07.2015","1.163,96","1.173,20","1.175,10","1.147,15","","-0,34%"
"28.06.2015","1.167,94","1.185,06","1.187,41","1.157,35","","-0,61%"
"21.06.2015","1.175,07","1.200,35","1.201,24","1.168,74","","-2,12%"
"14.06.2015","1.200,51","1.181,75","1.206,25","1.173,27","","1,67%"
"07.06.2015","1.180,80","1.169,45","1.192,60","1.169,20","","0,75%"
"31.05.2015","1.172,00","1.191,25","1.205,06","1.163,10","","-1,55%"
"24.05.2015","1.190,50","1.205,50","1.209,35","1.181,30","","-1,32%"
"17.05.2015","1.206,38","1.223,30","1.232,70","1.201,70","","-1,43%"
"10.05.2015","1.223,85","1.189,20","1.227,79","1.179,75","","3,00%"
"03.05.2015","1.188,15","1.179,00","1.200,10","1.177,93","","0,82%"
"26.04.2015","1.178,50","1.179,71","1.215,40","1.170,60","","-0,07%"
"19.04.2015","1.179,38","1.205,01","1.209,51","1.175,24","","-2,10%"
"12.04.2015","1.204,65","1.207,30","1.209,75","1.184,18","","-0,28%"
"05.04.2015","1.208,05","1.215,63","1.224,50","1.192,70","","-0,24%"
"29.03.2015","1.210,90","1.199,10","1.212,74","1.178,80","","0,97%"
"22.03.2015","1.199,30","1.185,86","1.219,90","1.179,35","","1,41%"
"15.03.2015","1.182,68","1.158,24","1.188,30","1.143,36","","2,00%"
"08.03.2015","1.159,48","1.168,65","1.176,15","1.147,85","","-0,66%"
"01.03.2015","1.167,21","1.213,89","1.223,69","1.163,94","","-3,79%"
"22.02.2015","1.213,15","1.201,99","1.220,60","1.191,51","","0,89%"
"15.02.2015","1.202,39","1.228,68","1.236,99","1.198,05","","-2,22%"
"08.02.2015","1.229,70","1.234,93","1.246,30","1.216,95","","-0,33%"
"01.02.2015","1.233,72","1.281,56","1.285,60","1.228,75","","-3,88%"
"25.01.2015","1.283,55","1.294,04","1.299,51","1.252,61","","-0,85%"
"18.01.2015","1.294,55","1.279,70","1.306,60","1.272,25","","1,11%"
"11.01.2015","1.280,30","1.223,11","1.281,99","1.218,66","","4,65%"
"04.01.2015","1.223,40","1.189,34","1.224,00","1.183,45","","2,88%"
"28.12.2014","1.189,18","1.195,83","1.210,40","1.168,75","","-0,52%"
"21.12.2014","1.195,40","1.195,69","1.202,55","1.170,92","","-0,05%"
"14.12.2014","1.195,95","1.222,47","1.224,46","1.184,33","","-2,18%"
"07.12.2014","1.222,60","1.193,08","1.238,59","1.187,30","","2,56%"
"30.11.2014","1.192,05","1.166,99","1.221,39","1.143,32","","2,12%"
"23.11.2014","1.167,35","1.201,54","1.204,25","1.165,35","","-2,83%"
"16.11.2014","1.201,40","1.188,75","1.208,01","1.175,81","","1,11%"
"09.11.2014","1.188,25","1.179,34","1.193,74","1.146,32","","0,99%"
"02.11.2014","1.176,65","1.173,69","1.178,99","1.132,25","","0,19%"
"26.10.2014","1.174,42","1.231,74","1.235,61","1.161,75","","-4,63%"
"19.10.2014","1.231,46","1.238,54","1.255,70","1.226,67","","-0,54%"
"12.10.2014","1.238,19","1.223,69","1.249,80","1.222,17","","1,20%"
"05.10.2014","1.223,48","1.191,79","1.233,70","1.183,96","","2,71%"
"28.09.2014","1.191,20","1.219,44","1.224,00","1.190,14","","-2,32%"
"21.09.2014","1.219,51","1.216,68","1.235,30","1.207,35","","0,25%"
"14.09.2014","1.216,45","1.228,40","1.242,16","1.213,87","","-0,99%"
"07.09.2014","1.228,63","1.268,99","1.272,09","1.227,75","","-3,17%"
"31.08.2014","1.268,85","1.287,05","1.290,36","1.257,16","","-1,45%"
"24.08.2014","1.287,57","1.279,91","1.297,00","1.274,66","","0,49%"
"17.08.2014","1.281,23","1.304,04","1.304,20","1.273,46","","-1,79%"
"10.08.2014","1.304,60","1.309,30","1.319,31","1.292,61","","-0,38%"
"03.08.2014","1.309,60","1.293,93","1.322,86","1.282,56","","1,20%"
"27.07.2014","1.294,10","1.308,49","1.312,60","1.280,90","","-1,07%"
"20.07.2014","1.308,05","1.311,00","1.318,46","1.287,72","","-0,22%"
"13.07.2014","1.310,90","1.338,45","1.339,71","1.292,01","","-2,04%"
"06.07.2014","1.338,15","1.320,16","1.345,31","1.311,90","","1,33%"
"29.06.2014","1.320,55","1.315,99","1.332,60","1.310,14","","0,40%"
"22.06.2014","1.315,35","1.313,70","1.326,21","1.306,21","","0,04%"
"15.06.2014","1.314,82","1.277,25","1.322,40","1.259,35","","2,96%"
"08.06.2014","1.277,00","1.253,79","1.278,20","1.250,40","","1,94%"
"01.06.2014","1.252,73","1.251,04","1.258,00","1.241,11","","0,13%"
"25.05.2014","1.251,05","1.292,76","1.294,46","1.242,35","","-3,25%"
"18.05.2014","1.293,11","1.293,57","1.305,40","1.283,50","","-0,05%"
"11.05.2014","1.293,70","1.289,31","1.309,41","1.280,21","","0,34%"
"04.05.2014","1.289,33","1.300,89","1.316,10","1.285,64","","-0,85%"
"27.04.2014","1.300,32","1.303,20","1.306,61","1.277,10","","-0,24%"
"20.04.2014","1.303,45","1.294,67","1.305,61","1.268,85","","0,75%"
"13.04.2014","1.293,78","1.318,77","1.331,03","1.290,46","","-1,87%"
"06.04.2014","1.318,47","1.302,79","1.324,90","1.295,69","","1,21%"
"30.03.2014","1.302,70","1.294,28","1.307,09","1.277,88","","0,67%"
"23.03.2014","1.294,00","1.334,74","1.334,86","1.285,84","","-3,04%"
"16.03.2014","1.334,55","1.382,07","1.392,37","1.320,85","","-3,45%"
"09.03.2014","1.382,24","1.339,16","1.388,40","1.329,36","","3,13%"
"02.03.2014","1.340,25","1.326,29","1.355,20","1.326,29","","1,04%"
"23.02.2014","1.326,40","1.325,20","1.345,96","1.319,32","","0,23%"
"16.02.2014","1.323,39","1.318,92","1.332,48","1.307,85","","0,34%"
"09.02.2014","1.318,93","1.266,13","1.321,34","1.265,22","","4,09%"
"02.02.2014","1.267,06","1.245,18","1.273,74","1.240,72","","1,87%"
"26.01.2014","1.243,80","1.268,99","1.278,62","1.238,55","","-2,01%"
"19.01.2014","1.269,25","1.253,47","1.273,31","1.231,97","","1,23%"
"12.01.2014","1.253,82","1.248,38","1.255,49","1.234,59","","0,54%"
"05.01.2014","1.247,10","1.236,88","1.248,81","1.218,84","","0,85%"
"29.12.2013","1.236,55","1.212,13","1.240,38","1.184,88","","1,93%"
"22.12.2013","1.213,19","1.203,67","1.219,04","1.192,92","","0,83%"
"15.12.2013","1.203,25","1.238,20","1.252,01","1.185,71","","-2,83%"
"08.12.2013","1.238,30","1.229,69","1.267,76","1.220,60","","0,77%"
"01.12.2013","1.228,85","1.251,65","1.251,65","1.212,05","","-1,97%"
"24.11.2013","1.253,49","1.243,20","1.257,99","1.228,84","","0,80%"
"17.11.2013","1.243,60","1.290,45","1.290,61","1.236,90","","-3,60%"
"10.11.2013","1.290,05","1.288,69","1.294,38","1.261,28","","0,14%"
"03.11.2013","1.288,20","1.315,14","1.325,71","1.281,40","","-2,06%"
"27.10.2013","1.315,35","1.353,16","1.362,21","1.306,30","","-2,72%"
"20.10.2013","1.352,13","1.316,44","1.355,60","1.310,23","","2,73%"
"13.10.2013","1.316,24","1.272,68","1.325,70","1.252,16","","3,39%"
"06.10.2013","1.273,11","1.311,03","1.330,09","1.262,63","","-2,92%"
"29.09.2013","1.311,35","1.335,85","1.344,17","1.278,80","","-1,86%"
"22.09.2013","1.336,20","1.326,09","1.344,30","1.306,39","","0,82%"
"15.09.2013","1.325,38","1.329,38","1.374,93","1.291,73","","-0,10%"
"08.09.2013","1.326,72","1.391,05","1.391,12","1.305,03","","-4,66%"
"01.09.2013","1.391,61","1.396,59","1.416,74","1.363,28","","-0,34%"
"25.08.2013","1.396,40","1.399,09","1.434,02","1.391,65","","-0,03%"
"18.08.2013","1.396,85","1.376,35","1.400,21","1.355,26","","1,49%"
"11.08.2013","1.376,40","1.314,60","1.380,21","1.314,60","","4,71%"
"04.08.2013","1.314,50","1.312,99","1.319,80","1.273,14","","0,19%"
"28.07.2013","1.312,00","1.333,80","1.338,76","1.283,19","","-1,64%"
"21.07.2013","1.333,90","1.297,15","1.348,30","1.309,35","","2,90%"
"14.07.2013","1.296,35","1.285,45","1.297,95","1.274,21","","0,89%"
"07.07.2013","1.284,90","1.222,71","1.298,97","1.215,45","","4,99%"
"30.06.2013","1.223,80","1.233,49","1.265,93","1.207,99","","-0,85%"
"23.06.2013","1.234,25","1.297,80","1.302,12","1.181,82","","-4,86%"
"16.06.2013","1.297,25","1.391,29","1.392,11","1.269,39","","-6,72%"
"09.06.2013","1.390,70","1.378,89","1.395,16","1.367,15","","0,45%"
"02.06.2013","1.384,47","1.389,16","1.423,74","1.377,86","","-0,18%"
"26.05.2013","1.386,90","1.388,15","1.421,50","1.373,64","","0,06%"
"19.05.2013","1.386,05","1.363,09","1.414,75","1.339,45","","1,98%"
"12.05.2013","1.359,20","1.448,69","1.448,69","1.355,60","","-6,15%"
"05.05.2013","1.448,20","1.470,39","1.478,95","1.421,11","","-1,53%"
"28.04.2013","1.470,70","1.464,49","1.488,30","1.440,24","","0,53%"
"21.04.2013","1.463,00","1.404,56","1.485,31","1.404,00","","4,18%"
"14.04.2013","1.404,35","1.478,30","1.495,66","1.321,85","","-5,04%"
"07.04.2013","1.478,85","1.581,14","1.590,50","1.477,50","","-6,52%"
"31.03.2013","1.582,00","1.597,74","1.604,10","1.540,24","","-0,92%"
"24.03.2013","1.596,74","1.609,37","1.613,83","1.590,06","","-0,73%"
"17.03.2013","1.608,45","1.597,26","1.616,86","1.592,56","","1,00%"
"10.03.2013","1.592,45","1.578,40","1.599,71","1.575,65","","0,89%"
"03.03.2013","1.578,35","1.579,01","1.586,52","1.561,41","","0,20%"
"24.02.2013","1.575,24","1.581,29","1.620,05","1.564,83","","-0,35%"
"17.02.2013","1.580,70","1.609,85","1.618,90","1.554,89","","-1,79%"
"10.02.2013","1.609,44","1.666,93","1.669,69","1.598,42","","-3,48%"
"03.02.2013","1.667,50","1.667,76","1.685,11","1.662,00","","0,02%"
"27.01.2013","1.667,15","1.658,76","1.684,00","1.652,54","","0,51%"
"20.01.2013","1.658,69","1.684,79","1.696,14","1.655,78","","-1,50%"
"13.01.2013","1.683,95","1.662,16","1.696,17","1.660,25","","1,26%"
"06.01.2013","1.663,05","1.656,51","1.679,21","1.642,75","","0,37%"
"30.12.2012","1.656,85","1.656,21","1.695,31","1.626,40","","0,09%"
"23.12.2012","1.655,40","1.657,80","1.668,01","1.650,49","","-0,10%"
"16.12.2012","1.656,99","1.695,64","1.703,24","1.635,47","","-2,27%"
"09.12.2012","1.695,47","1.704,49","1.723,45","1.689,39","","-0,48%"
"02.12.2012","1.703,65","1.714,11","1.722,32","1.684,40","","-0,65%"
"25.11.2012","1.714,80","1.752,90","1.752,90","1.706,04","","-2,18%"
"18.11.2012","1.753,00","1.713,60","1.754,60","1.713,49","","2,29%"
"11.11.2012","1.713,70","1.732,00","1.738,41","1.705,30","","-1,01%"
"04.11.2012","1.731,24","1.676,97","1.739,05","1.672,62","","3,18%"
"28.10.2012","1.677,85","1.711,39","1.727,00","1.674,44","","-1,96%"
"21.10.2012","1.711,35","1.721,80","1.730,60","1.699,00","","-0,55%"
"14.10.2012","1.720,90","1.753,49","1.753,70","1.716,29","","-1,90%"
"07.10.2012","1.754,25","1.780,60","1.780,79","1.752,34","","-1,50%"
"30.09.2012","1.780,98","1.771,09","1.796,19","1.763,44","","0,55%"
"23.09.2012","1.771,22","1.773,43","1.783,63","1.738,03","","-0,10%"
"16.09.2012","1.773,05","1.774,85","1.787,81","1.752,95","","0,03%"
"09.09.2012","1.772,48","1.735,74","1.778,01","1.717,14","","2,07%"
"02.09.2012","1.736,50","1.692,09","1.741,80","1.685,59","","2,68%"
"26.08.2012","1.691,15","1.671,55","1.693,32","1.647,34","","1,25%"
"19.08.2012","1.670,35","1.616,15","1.675,30","1.610,09","","3,38%"
"12.08.2012","1.615,80","1.620,24","1.625,71","1.590,19","","-0,26%"
"05.08.2012","1.620,05","1.604,89","1.626,56","1.602,74","","0,98%"
"29.07.2012","1.604,30","1.624,99","1.628,20","1.584,99","","-1,17%"
"22.07.2012","1.623,28","1.581,64","1.629,60","1.563,49","","2,50%"
"15.07.2012","1.583,63","1.591,79","1.599,90","1.568,24","","-0,34%"
"08.07.2012","1.589,05","1.580,95","1.601,51","1.554,95","","0,39%"
"01.07.2012","1.582,90","1.599,30","1.625,31","1.576,70","","-0,98%"
"24.06.2012","1.598,60","1.571,79","1.607,19","1.547,64","","1,68%"
"17.06.2012","1.572,15","1.627,31","1.633,51","1.558,80","","-3,36%"
"10.06.2012","1.626,76","1.593,20","1.633,70","1.582,99","","2,03%"
"03.06.2012","1.594,45","1.625,90","1.641,11","1.562,05","","-1,96%"
"27.05.2012","1.626,25","1.574,20","1.630,02","1.532,10","","3,36%"
"20.05.2012","1.573,45","1.592,26","1.599,40","1.534,02","","-1,23%"
"13.05.2012","1.593,09","1.581,38","1.598,68","1.528,28","","0,83%"
"06.05.2012","1.580,05","1.640,40","1.643,01","1.573,90","","-3,82%"
"29.04.2012","1.642,83","1.662,35","1.671,61","1.626,91","","-1,16%"
"22.04.2012","1.662,05","1.642,05","1.667,72","1.620,60","","1,18%"
"15.04.2012","1.642,70","1.654,20","1.657,91","1.631,41","","-0,98%"
"08.04.2012","1.659,00","1.641,55","1.680,31","1.627,81","","1,19%"
"01.04.2012","1.639,49","1.669,55","1.682,16","1.613,30","","-1,76%"
"25.03.2012","1.668,90","1.661,81","1.696,81","1.645,50","","0,40%"
"18.03.2012","1.662,26","1.653,51","1.669,93","1.628,22","","0,10%"
"11.03.2012","1.660,65","1.709,19","1.714,41","1.634,70","","-3,06%"
"04.03.2012","1.713,09","1.711,16","1.716,86","1.664,45","","0,05%"
"26.02.2012","1.712,30","1.773,20","1.790,70","1.688,39","","-3,45%"
"19.02.2012","1.773,49","1.723,88","1.787,71","1.723,78","","2,96%"
"12.02.2012","1.722,45","1.725,24","1.737,61","1.705,64","","0,15%"
"05.02.2012","1.719,85","1.726,25","1.751,86","1.704,14","","-0,32%"
"29.01.2012","1.725,30","1.738,41","1.763,76","1.717,05","","-0,78%"
"22.01.2012","1.738,89","1.666,68","1.738,91","1.649,20","","4,32%"
"15.01.2012","1.666,90","1.639,68","1.670,25","1.631,44","","1,68%"
"08.01.2012","1.639,35","1.617,14","1.662,57","1.605,30","","1,39%"
"01.01.2012","1.616,85","1.566,20","1.630,56","1.564,96","","3,36%"
"25.12.2011","1.564,30","1.607,15","1.611,79","1.522,44","","-2,63%"
"18.12.2011","1.606,60","1.599,61","1.642,36","1.583,70","","0,54%"
"11.12.2011","1.597,95","1.711,24","1.714,64","1.560,82","","-6,61%"
"04.12.2011","1.711,10","1.745,90","1.755,05","1.702,69","","-1,96%"
"27.11.2011","1.745,25","1.681,06","1.762,61","1.681,06","","3,88%"
"20.11.2011","1.680,13","1.723,14","1.726,49","1.666,38","","-2,49%"
"13.11.2011","1.723,05","1.788,34","1.796,36","1.710,34","","-3,69%"
"06.11.2011","1.788,99","1.753,86","1.803,11","1.736,20","","1,99%"
"30.10.2011","1.754,15","1.743,01","1.768,26","1.682,60","","0,64%"
"23.10.2011","1.742,95","1.642,35","1.752,85","1.635,96","","6,21%"
"16.10.2011","1.641,02","1.682,29","1.695,10","1.603,99","","-2,32%"
"09.10.2011","1.679,95","1.654,50","1.692,46","1.638,45","","2,47%"
"02.10.2011","1.639,45","1.618,35","1.678,86","1.596,00","","0,97%"
"25.09.2011","1.623,75","1.657,29","1.677,19","1.534,99","","-1,98%"
"18.09.2011","1.656,59","1.818,69","1.828,65","1.629,99","","-8,57%"
"11.09.2011","1.811,95","1.858,27","1.862,21","1.763,05","","-2,47%"
"04.09.2011","1.857,81","1.876,99","1.920,80","1.793,69","","-1,40%"
"28.08.2011","1.884,20","1.836,99","1.884,90","1.775,79","","3,04%"
"21.08.2011","1.828,55","1.859,39","1.911,96","1.702,94","","-1,29%"
"14.08.2011","1.852,45","1.746,25","1.877,50","1.728,01","","6,06%"
"07.08.2011","1.746,60","1.662,86","1.814,40","1.662,78","","4,90%"
"31.07.2011","1.665,00","1.626,64","1.682,17","1.608,19","","2,36%"
"24.07.2011","1.626,64","1.599,28","1.632,80","1.599,28","","1,71%"
"17.07.2011","1.599,25","1.595,45","1.611,51","1.583,00","","0,32%"
"10.07.2011","1.594,10","1.545,55","1.596,16","1.542,30","","3,23%"
"03.07.2011","1.544,25","1.488,09","1.547,30","1.487,50","","3,88%"
"26.06.2011","1.486,50","1.500,50","1.515,71","1.480,01","","-1,04%"
"19.06.2011","1.502,15","1.540,40","1.559,75","1.500,41","","-2,43%"
"12.06.2011","1.539,50","1.530,50","1.542,15","1.511,61","","0,50%"
"05.06.2011","1.531,90","1.544,59","1.555,30","1.527,74","","-0,69%"
"29.05.2011","1.542,50","1.538,74","1.552,14","1.521,60","","0,38%"
"22.05.2011","1.536,65","1.514,10","1.540,10","1.505,55","","1,53%"
"15.05.2011","1.513,55","1.495,25","1.517,55","1.473,50","","1,27%"
"08.05.2011","1.494,55","1.493,18","1.526,82","1.479,32","","-0,05%"
"01.05.2011","1.495,25","1.567,79","1.576,29","1.462,90","","-4,49%"
"24.04.2011","1.565,60","1.511,45","1.571,30","1.494,95","","3,81%"
"17.04.2011","1.508,13","1.486,45","1.512,95","1.477,60","","1,46%"
"10.04.2011","1.486,50","1.475,15","1.489,90","1.445,49","","0,77%"
"03.04.2011","1.475,10","1.430,35","1.476,85","1.429,40","","3,27%"
"27.03.2011","1.428,38","1.426,35","1.439,80","1.410,45","","-0,09%"
"20.03.2011","1.429,65","1.425,46","1.448,40","1.422,79","","0,71%"
"13.03.2011","1.419,55","1.422,09","1.433,89","1.382,90","","0,15%"
"06.03.2011","1.417,40","1.428,05","1.444,80","1.403,12","","-0,83%"
"27.02.2011","1.429,30","1.409,05","1.440,61","1.404,76","","1,42%"
"20.02.2011","1.409,25","1.388,49","1.418,46","1.388,49","","1,58%"
"13.02.2011","1.387,30","1.359,10","1.392,15","1.354,20","","2,30%"
"06.02.2011","1.356,10","1.348,15","1.368,51","1.343,13","","0,51%"
"30.01.2011","1.349,25","1.337,05","1.358,43","1.323,40","","1,04%"
"23.01.2011","1.335,35","1.343,40","1.353,56","1.308,56","","-0,53%"
"16.01.2011","1.342,51","1.359,61","1.379,26","1.337,95","","-1,42%"
"09.01.2011","1.361,85","1.369,30","1.393,30","1.355,49","","-0,57%"
"02.01.2011","1.369,60","1.421,80","1.424,57","1.353,30","","-3,65%"
"26.12.2010","1.421,45","1.386,25","1.423,15","1.374,25","","2,65%"
"19.12.2010","1.384,75","1.376,90","1.392,44","1.372,55","","0,68%"
"12.12.2010","1.375,41","1.383,91","1.408,45","1.362,11","","-0,77%"
"05.12.2010","1.386,05","1.415,46","1.431,35","1.371,85","","-2,05%"
"28.11.2010","1.415,05","1.362,92","1.415,91","1.353,59","","3,71%"
"21.11.2010","1.364,42","1.354,53","1.382,38","1.348,38","","0,81%"
"14.11.2010","1.353,50","1.366,85","1.377,06","1.329,95","","-1,13%"
"07.11.2010","1.368,95","1.395,05","1.424,65","1.360,26","","-1,79%"
"31.10.2010","1.393,90","1.360,69","1.398,35","1.324,14","","2,53%"
"24.10.2010","1.359,55","1.331,39","1.359,95","1.319,24","","2,36%"
"17.10.2010","1.328,20","1.371,50","1.375,80","1.316,09","","-2,99%"
"10.10.2010","1.369,15","1.346,40","1.388,10","1.340,85","","1,66%"
"03.10.2010","1.346,80","1.317,90","1.365,10","1.312,25","","2,12%"
"26.09.2010","1.318,80","1.299,00","1.322,30","1.284,10","","1,68%"
"19.09.2010","1.296,95","1.276,90","1.300,95","1.270,85","","1,73%"
"12.09.2010","1.274,90","1.246,90","1.284,25","1.242,45","","2,28%"
"05.09.2010","1.246,45","1.248,60","1.262,75","1.237,05","","-0,05%"
"29.08.2010","1.247,10","1.237,80","1.255,95","1.233,05","","0,72%"
"22.08.2010","1.238,20","1.229,10","1.246,00","1.212,10","","0,83%"
"15.08.2010","1.228,05","1.212,90","1.237,50","1.212,90","","1,03%"
"08.08.2010","1.215,55","1.205,85","1.219,35","1.192,50","","0,85%"
"01.08.2010","1.205,30","1.181,45","1.213,61","1.175,50","","2,07%"
"25.07.2010","1.180,90","1.189,25","1.195,30","1.157,40","","-0,69%"
"18.07.2010","1.189,10","1.193,20","1.203,95","1.175,85","","-0,38%"
"11.07.2010","1.193,65","1.210,65","1.218,35","1.186,35","","-1,51%"
"04.07.2010","1.212,00","1.210,60","1.214,85","1.185,55","","0,03%"
"27.06.2010","1.211,60","1.253,75","1.263,45","1.197,00","","-3,50%"
"20.06.2010","1.255,50","1.259,60","1.265,90","1.225,30","","-0,15%"
"13.06.2010","1.257,35","1.226,45","1.262,90","1.217,05","","2,44%"
"06.06.2010","1.227,40","1.219,65","1.252,70","1.211,65","","0,61%"
"30.05.2010","1.220,00","1.212,55","1.231,20","1.197,65","","0,43%"
"23.05.2010","1.214,81","1.177,43","1.219,35","1.176,98","","3,20%"
"16.05.2010","1.177,15","1.232,50","1.244,10","1.168,50","","-4,53%"
"09.05.2010","1.233,05","1.202,35","1.249,45","1.184,35","","2,05%"
"02.05.2010","1.208,30","1.179,00","1.213,85","1.157,70","","2,46%"
"25.04.2010","1.179,25","1.157,00","1.182,05","1.147,05","","1,89%"
"18.04.2010","1.157,40","1.134,15","1.158,00","1.123,65","","1,75%"
"11.04.2010","1.137,45","1.166,20","1.169,70","1.130,65","","-2,02%"
"04.04.2010","1.160,90","1.125,10","1.165,35","1.119,20","","3,61%"
"28.03.2010","1.120,50","1.110,05","1.128,25","1.101,95","","1,26%"
"21.03.2010","1.106,60","1.107,90","1.110,65","1.085,85","","-0,09%"
"14.03.2010","1.107,55","1.101,00","1.133,80","1.100,85","","0,46%"
"07.03.2010","1.102,45","1.135,70","1.137,80","1.098,65","","-2,61%"
"28.02.2010","1.132,05","1.116,55","1.145,00","1.112,05","","1,39%"
"21.02.2010","1.116,50","1.124,90","1.131,05","1.088,60","","-0,21%"
"14.02.2010","1.118,85","1.092,75","1.127,25","1.091,90","","2,33%"
"07.02.2010","1.093,40","1.068,00","1.098,75","1.062,40","","2,62%"
"31.01.2010","1.065,45","1.080,20","1.124,95","1.044,25","","-1,49%"
"24.01.2010","1.081,55","1.091,15","1.104,30","1.074,25","","-1,05%"
"17.01.2010","1.093,00","1.129,30","1.141,60","1.082,30","","-3,35%"
"10.01.2010","1.130,90","1.137,80","1.162,50","1.120,35","","-0,50%"
"03.01.2010","1.136,60","1.096,35","1.140,70","1.093,55","","3,58%"
"27.12.2009","1.097,35","1.107,55","1.114,60","1.086,90","","-0,65%"
"20.12.2009","1.104,50","1.111,55","1.119,20","1.074,60","","-0,72%"
"13.12.2009","1.112,50","1.113,80","1.141,90","1.094,90","","-0,22%"
"06.12.2009","1.114,90","1.160,45","1.168,90","1.109,50","","-4,03%"
"29.11.2009","1.161,70","1.176,70","1.226,60","1.147,75","","-1,36%"
"22.11.2009","1.177,70","1.151,80","1.195,90","1.137,80","","2,41%"
"15.11.2009","1.149,95","1.118,30","1.153,15","1.118,30","","2,75%"
"08.11.2009","1.119,20","1.097,41","1.123,25","1.095,80","","2,21%"
"01.11.2009","1.095,05","1.044,30","1.101,30","1.040,65","","4,80%"
"25.10.2009","1.044,90","1.054,30","1.060,10","1.026,25","","-0,95%"
"18.10.2009","1.054,95","1.052,15","1.068,20","1.047,90","","0,16%"
"11.10.2009","1.053,25","1.049,00","1.071,40","1.043,90","","0,38%"
"04.10.2009","1.049,25","1.001,80","1.062,20","1.001,55","","4,68%"
"27.09.2009","1.002,35","993,00","1.010,40","985,90","","1,07%"
"20.09.2009","991,75","1.004,85","1.019,90","985,10","","-1,53%"
"13.09.2009","1.007,15","1.005,35","1.024,85","992,90","","0,13%"
"06.09.2009","1.005,85","993,90","1.012,55","983,10","","1,15%"
"30.08.2009","994,40","955,65","998,20","944,80","","4,02%"
"23.08.2009","955,95","952,90","962,00","940,30","","0,19%"
"16.08.2009","954,15","947,00","958,65","930,70","","0,72%"
"09.08.2009","947,35","954,75","962,05","940,90","","-0,79%"
"02.08.2009","954,90","953,30","972,25","951,85","","0,02%"
"26.07.2009","954,75","951,80","959,70","926,10","","0,36%"
"19.07.2009","951,35","938,30","958,10","937,65","","1,46%"
"12.07.2009","937,70","912,10","942,95","908,40","","2,69%"
"05.07.2009","913,15","932,55","933,10","906,00","","-2,08%"
"28.06.2009","932,50","940,60","947,25","923,60","","-0,70%"
"21.06.2009","939,05","933,45","948,70","913,40","","0,51%"
"14.06.2009","934,30","939,50","943,70","926,50","","-0,49%"
"07.06.2009","938,90","955,65","966,25","937,00","","-1,82%"
"31.05.2009","956,30","979,60","990,80","953,50","","-2,42%"
"24.05.2009","980,00","957,00","981,00","941,10","","2,37%"
"17.05.2009","957,35","930,60","962,30","916,05","","2,75%"
"10.05.2009","931,70","916,65","934,65","909,00","","1,60%"
"03.05.2009","917,05","887,30","926,15","885,05","","3,35%"
"26.04.2009","887,30","913,60","919,75","881,05","","-2,83%"
"19.04.2009","913,10","869,05","914,50","865,50","","5,09%"
"12.04.2009","868,90","881,65","900,35","865,00","","-1,45%"
"05.04.2009","881,65","894,85","896,80","865,30","","-1,37%"
"29.03.2009","893,90","925,40","934,35","892,00","","-3,16%"
"22.03.2009","923,05","951,85","959,00","918,10","","-3,13%"
"15.03.2009","952,85","929,55","968,70","884,90","","2,66%"
"08.03.2009","928,20","939,50","942,75","891,30","","-0,98%"
"01.03.2009","937,35","939,80","958,80","901,75","","-0,83%"
"22.02.2009","945,15","993,50","998,35","927,75","","-4,85%"
"15.02.2009","993,30","941,70","1.006,40","936,45","","5,43%"
"08.02.2009","942,10","910,65","952,80","891,20","","3,35%"
"01.02.2009","911,55","927,95","929,20","888,00","","-1,75%"
"25.01.2009","927,75","898,90","931,40","869,10","","3,15%"
"18.01.2009","899,40","843,50","903,50","823,90","","6,65%"
"11.01.2009","843,35","854,75","857,60","803,15","","-1,18%"
"04.01.2009","853,45","878,00","884,55","834,00","","-2,64%"
"28.12.2008","876,55","868,80","891,05","856,75","","0,79%"
"21.12.2008","869,65","839,25","871,60","830,70","","3,73%"
"14.12.2008","838,35","822,05","882,70","822,05","","2,00%"
"07.12.2008","821,95","755,30","835,30","754,15","","8,52%"
"30.11.2008","757,40","816,50","819,75","741,90","","-7,35%"
"23.11.2008","817,50","802,45","832,10","787,45","","2,19%"
"16.11.2008","800,00","743,35","802,20","727,50","","7,74%"
"09.11.2008","742,55","736,30","769,30","701,75","","0,69%"
"02.11.2008","737,45","724,35","769,50","722,55","","1,71%"
"26.10.2008","725,05","735,35","778,30","708,10","","-1,39%"
"19.10.2008","735,30","782,90","810,20","682,80","","-6,18%"
"12.10.2008","783,70","851,40","873,00","773,30","","-7,95%"
"05.10.2008","851,40","836,00","935,00","827,50","","1,74%"
"28.09.2008","836,80","883,00","922,00","820,70","","-4,90%"
"21.09.2008","879,90","873,15","912,65","862,90","","0,77%"
"14.09.2008","873,15","767,00","904,60","766,40","","14,22%"
"07.09.2008","764,45","806,00","819,00","737,00","","-4,90%"
"31.08.2008","803,80","835,50","836,30","790,05","","-3,25%"
"24.08.2008","830,80","825,85","845,00","807,70","","0,94%"
"17.08.2008","823,10","793,75","840,00","783,05","","4,65%"
"10.08.2008","786,50","856,85","866,50","774,90","","-8,16%"
"03.08.2008","856,35","910,45","916,20","851,50","","-5,95%"
"27.07.2008","910,55","929,30","934,00","894,50","","-2,06%"
"20.07.2008","929,70","956,25","976,95","916,80","","-2,68%"
"13.07.2008","955,30","966,05","988,75","950,50","","-0,97%"
"06.07.2008","964,70","933,35","968,60","913,50","","3,36%"
"29.06.2008","933,30","929,20","947,50","919,00","","0,59%"
"22.06.2008","927,85","901,95","931,10","874,20","","2,88%"
"15.06.2008","901,85","869,85","908,90","867,50","","3,52%"
"08.06.2008","871,20","902,85","909,70","857,80","","-3,45%"
"01.06.2008","902,35","887,75","902,45","865,45","","1,74%"
"25.05.2008","886,90","925,40","931,50","871,00","","-4,14%"
"18.05.2008","925,20","904,00","936,30","901,55","","2,54%"
"11.05.2008","902,30","884,20","905,70","860,30","","1,97%"
"04.05.2008","884,90","858,80","890,80","858,55","","3,32%"
"27.04.2008","856,45","888,50","896,80","846,00","","-3,35%"
"20.04.2008","886,15","919,50","929,50","878,60","","-3,30%"
"13.04.2008","916,40","919,60","953,00","904,75","","-0,96%"
"06.04.2008","925,30","912,70","939,80","903,20","","1,31%"
"30.03.2008","913,30","931,60","941,20","873,30","","-1,84%"
"23.03.2008","930,40","915,60","954,90","906,40","","1,19%"
"16.03.2008","919,50","1.002,90","1.031,20","905,05","","-7,42%"
"09.03.2008","993,20","973,40","1.007,50","961,40","","2,03%"
"02.03.2008","973,40","973,40","992,30","959,85","","0,09%"
"24.02.2008","972,48","945,98","976,27","926,77","","2,85%"
"17.02.2008","945,50","903,20","954,00","900,50","","4,74%"
"10.02.2008","902,70","921,40","927,30","896,50","","-1,70%"
"03.02.2008","918,35","906,10","920,45","885,65","","0,88%"
"27.01.2008","910,38","915,62","936,88","905,08","","-0,34%"
"20.01.2008","913,50","881,75","923,90","850,00","","3,27%"
"13.01.2008","884,55","897,95","914,35","870,45","","-1,25%"
"06.01.2008","895,75","860,75","898,35","855,55","","3,98%"
"30.12.2007","861,50","839,50","869,45","832,10","","2,68%"
"23.12.2007","839,00","811,70","840,20","804,15","","3,48%"
"16.12.2007","810,80","793,80","812,60","785,40","","2,00%"
"09.12.2007","794,90","794,80","817,40","788,00","","-0,09%"
"02.12.2007","795,60","783,10","807,10","777,40","","1,62%"
"25.11.2007","782,90","821,40","837,10","779,10","","-4,92%"
"18.11.2007","823,40","786,50","826,10","773,00","","4,59%"
"11.11.2007","787,30","830,90","831,00","782,75","","-5,34%"
"04.11.2007","831,70","807,40","845,80","801,30","","3,00%"
"28.10.2007","807,50","784,80","808,10","777,10","","2,81%"
"21.10.2007","785,40","766,70","786,10","745,90","","2,64%"
"14.10.2007","765,20","749,30","770,40","747,80","","2,08%"
"07.10.2007","749,60","741,65","754,00","727,15","","0,93%"
"30.09.2007","742,70","744,20","748,05","721,10","","-0,19%"
"23.09.2007","744,10","729,60","745,90","722,70","","1,76%"
"16.09.2007","731,20","706,70","739,40","706,40","","3,41%"
"09.09.2007","707,10","700,40","717,40","699,30","","0,90%"
"02.09.2007","700,80","673,30","707,40","671,30","","4,13%"
"26.08.2007","673,00","668,90","674,70","661,80","","0,69%"
"19.08.2007","668,40","656,60","669,50","653,60","","1,70%"
"12.08.2007","657,20","672,30","673,00","641,40","","-2,32%"
"05.08.2007","672,80","673,00","677,00","658,50","","-0,07%"
"29.07.2007","673,30","661,10","674,60","659,40","","1,80%"
"22.07.2007","661,40","684,10","687,50","657,30","","-3,26%"
"15.07.2007","683,70","666,40","686,40","662,40","","2,46%"
"08.07.2007","667,30","656,40","669,45","653,80","","1,74%"
"01.07.2007","655,90","651,15","659,20","645,40","","0,96%"
"24.06.2007","649,65","654,65","655,35","639,65","","-0,72%"
"17.06.2007","654,35","655,65","662,15","648,25","","-0,21%"
"10.06.2007","655,75","649,35","656,20","643,65","","1,11%"
"03.06.2007","648,55","671,55","674,70","645,15","","-3,41%"
"27.05.2007","671,45","655,90","672,70","652,35","","2,33%"
"20.05.2007","656,15","662,75","665,75","652,05","","-0,83%"
"13.05.2007","661,65","672,05","675,50","654,15","","-1,40%"
"06.05.2007","671,05","688,55","691,55","664,75","","-2,57%"
"29.04.2007","688,75","681,95","691,40","668,05","","1,15%"
"22.04.2007","680,95","693,25","693,85","670,95","","-1,50%"
"15.04.2007","691,35","686,25","693,85","678,95","","0,84%"
"08.04.2007","685,60","674,25","686,30","669,75","","1,65%"
"01.04.2007","674,50","665,70","676,30","656,70","","1,64%"
"25.03.2007","663,60","657,75","670,00","655,30","","0,99%"
"18.03.2007","657,10","653,20","667,10","652,10","","0,64%"
"11.03.2007","652,90","649,25","655,60","637,00","","0,40%"
"04.03.2007","650,27","643,67","658,38","632,67","","1,14%"
"25.02.2007","642,95","681,65","689,35","640,15","","-5,84%"
"18.02.2007","682,85","669,35","688,55","655,75","","2,06%"
"11.02.2007","669,05","667,95","672,20","660,00","","0,36%"
"04.02.2007","666,65","648,35","668,15","646,45","","2,84%"
"28.01.2007","648,25","646,15","661,85","641,05","","0,26%"
"21.01.2007","646,60","635,75","654,50","632,70","","1,75%"
"14.01.2007","635,50","626,20","636,90","620,70","","1,37%"
"07.01.2007","626,90","608,75","627,70","604,40","","3,21%"
"31.12.2006","607,40","637,30","645,40","602,20","","-4,62%"
"24.12.2006","636,80","620,50","636,80","620,00","","2,54%"
"17.12.2006","621,00","615,40","624,50","611,80","","0,93%"
"10.12.2006","615,25","625,15","631,50","614,95","","-1,58%"
"03.12.2006","625,15","645,50","649,25","625,15","","-3,20%"
"26.11.2006","645,80","639,00","650,00","632,70","","1,19%"
"19.11.2006","638,20","621,50","640,30","620,90","","2,60%"
"12.11.2006","622,00","629,10","632,90","614,80","","-1,07%"
"05.11.2006","628,70","626,50","637,00","613,40","","0,11%"
"29.10.2006","628,00","599,00","629,00","598,50","","4,66%"
"22.10.2006","600,05","590,75","600,05","573,85","","1,38%"
"15.10.2006","591,90","591,00","602,70","585,90","","0,32%"
"08.10.2006","590,00","575,50","590,80","569,30","","2,82%"
"01.10.2006","573,80","598,50","604,20","559,90","","-4,09%"
"24.09.2006","598,30","589,25","607,00","582,50","","1,70%"
"17.09.2006","588,30","581,10","593,00","572,80","","1,46%"
"10.09.2006","579,85","610,15","611,15","571,95","","-5,07%"
"03.09.2006","610,80","625,05","640,75","606,70","","-2,35%"
"27.08.2006","625,50","622,10","628,10","607,30","","0,36%"
"20.08.2006","623,25","614,35","631,55","614,15","","1,34%"
"13.08.2006","615,00","633,40","633,40","607,40","","-2,80%"
"06.08.2006","632,70","644,30","655,05","626,50","","-2,13%"
"30.07.2006","646,45","636,75","656,20","629,65","","1,66%"
"23.07.2006","635,90","621,00","641,00","602,10","","2,44%"
"16.07.2006","620,75","668,75","676,75","616,25","","-6,68%"
"09.07.2006","665,15","630,25","668,50","620,75","","5,49%"
"02.07.2006","630,55","618,25","637,75","617,25","","2,85%"
"25.06.2006","613,10","584,90","615,90","576,90","","5,10%"
"18.06.2006","583,35","580,35","595,15","560,85","","0,43%"
"11.06.2006","580,85","603,85","611,75","543,35","","-4,38%"
"04.06.2006","607,45","638,65","645,35","601,00","","-4,82%"
"28.05.2006","638,20","653,15","665,00","618,90","","-2,12%"
"21.05.2006","652,00","656,60","674,00","636,60","","-0,85%"
"14.05.2006","657,60","714,10","720,90","651,40","","-8,00%"
"07.05.2006","714,80","685,20","730,50","670,50","","4,70%"
"30.04.2006","682,70","654,60","684,60","652,40","","4,31%"
"23.04.2006","654,50","639,50","655,80","619,00","","3,23%"
"16.04.2006","634,00","600,40","646,15","600,40","","5,70%"
"09.04.2006","599,80","589,25","604,50","588,40","","1,93%"
"02.04.2006","588,45","582,95","598,45","582,25","","0,82%"
"26.03.2006","583,65","559,95","589,15","558,65","","4,14%"
"19.03.2006","560,45","554,55","561,15","545,05","","1,19%"
"12.03.2006","553,85","541,20","557,95","540,95","","2,50%"
"05.03.2006","540,35","565,95","568,60","534,05","","-4,37%"
"26.02.2006","565,05","558,45","570,95","552,65","","1,09%"
"19.02.2006","558,95","552,20","559,95","547,45","","1,23%"
"12.02.2006","552,15","550,35","554,45","534,95","","0,22%"
"05.02.2006","550,95","569,20","573,95","545,35","","-2,94%"
"29.01.2006","567,65","558,45","575,05","558,35","","1,45%"
"22.01.2006","559,55","553,45","566,65","549,45","","1,04%"
"15.01.2006","553,80","556,90","568,00","553,40","","-0,55%"
"08.01.2006","556,88","539,38","556,88","556,88","","3,19%"
"01.01.2006","539,65","517,10","539,65","539,65","","4,26%"
"25.12.2005","517,60","503,90","517,60","517,60","","2,90%"
"18.12.2005","503,00","504,90","503,00","503,00","","-0,06%"
"11.12.2005","503,30","527,40","503,30","503,30","","-4,32%"
"04.12.2005","526,05","504,35","526,05","526,05","","4,50%"
"27.11.2005","503,40","497,15","503,40","503,40","","1,48%"
"20.11.2005","496,07","485,12","496,07","496,07","","2,11%"
"13.11.2005","485,80","469,40","485,80","485,80","","3,65%"
"06.11.2005","468,70","457,00","468,70","468,70","","2,65%"
"30.10.2005","456,60","472,90","456,60","456,60","","-3,56%"
"23.10.2005","473,45","466,20","473,45","473,45","","1,41%"
"16.10.2005","466,88","469,62","466,88","466,88","","-0,58%"
"09.10.2005","469,60","474,65","469,60","469,60","","-0,96%"
"02.10.2005","474,15","467,60","474,15","474,15","","1,07%"
"25.09.2005","469,15","463,85","469,15","469,15","","1,27%"
"18.09.2005","463,25","459,35","463,25","463,25","","0,76%"
"11.09.2005","459,75","449,85","459,75","459,75","","2,34%"
"04.09.2005","449,25","444,35","449,25","449,25","","1,03%"
"28.08.2005","444,65","438,75","444,65","444,65","","1,61%"
"21.08.2005","437,60","437,40","437,60","437,60","","0,30%"
"14.08.2005","436,30","446,25","436,30","436,30","","-2,22%"
"07.08.2005","446,20","437,40","446,20","446,20","","1,88%"
"31.07.2005","437,95","429,85","437,95","437,95","","1,80%"
"24.07.2005","430,20","425,20","430,20","430,20","","1,25%"
"17.07.2005","424,90","421,40","424,90","424,90","","0,79%"
"10.07.2005","421,55","423,85","421,55","421,55","","-0,35%"
"03.07.2005","423,05","428,35","423,05","423,05","","-1,08%"
"26.06.2005","427,65","439,60","427,65","427,65","","-2,93%"
"19.06.2005","440,55","438,10","440,55","440,55","","0,50%"
"12.06.2005","438,35","425,85","438,35","438,35","","2,57%"
"05.06.2005","427,35","422,65","427,35","427,35","","1,16%"
"29.05.2005","422,45","419,60","422,45","422,45","","0,57%"
"22.05.2005","420,05","417,65","420,05","420,05","","0,55%"
"15.05.2005","417,77","420,38","417,77","417,77","","-0,63%"
"08.05.2005","420,40","426,40","420,40","420,40","","-1,25%"
"01.05.2005","425,73","434,38","425,73","425,73","","-2,10%"
"24.04.2005","434,88","434,07","434,88","434,88","","0,06%"
"17.04.2005","434,60","424,65","434,60","434,60","","2,26%"
"10.04.2005","425,00","426,90","425,00","425,00","","-0,03%"
"03.04.2005","425,12","425,88","425,12","425,12","","-0,24%"
"27.03.2005","426,15","425,35","426,15","426,15","","-0,02%"
"20.03.2005","426,25","439,50","426,25","426,25","","-2,98%"
"13.03.2005","439,35","445,60","439,35","439,35","","-1,46%"
"06.03.2005","445,85","433,95","445,85","445,85","","2,73%"
"27.02.2005","434,00","434,90","434,00","434,00","","-0,21%"
"20.02.2005","434,93","428,77","434,93","434,93","","1,75%"
"13.02.2005","427,43","420,62","427,43","427,43","","1,56%"
"06.02.2005","420,88","414,62","420,88","420,88","","1,51%"
"30.01.2005","414,60","426,40","414,60","414,60","","-2,86%"
"23.01.2005","426,80","427,40","426,80","426,80","","0,01%"
"16.01.2005","426,75","422,50","426,75","426,75","","0,85%"
"09.01.2005","423,15","419,25","423,15","423,15","","1,00%"
"02.01.2005","418,95","437,75","418,95","418,95","","-4,45%"
"26.12.2004","438,45","442,35","438,45","438,45","","-0,96%"
"19.12.2004","442,70","441,65","442,70","442,70","","0,34%"
"12.12.2004","441,18","434,12","441,18","441,18","","1,54%"
"05.12.2004","434,50","455,40","434,50","434,50","","-4,68%"
"28.11.2004","455,82","454,12","455,82","455,82","","0,71%"
"21.11.2004","452,62","446,62","452,62","452,62","","1,25%"
"14.11.2004","447,02","437,62","447,02","447,02","","2,07%"
"07.11.2004","437,95","431,00","437,95","437,95","","1,00%"
"31.10.2004","433,62","429,62","433,62","433,62","","1,19%"
"24.10.2004","428,52","425,12","428,52","428,52","","0,99%"
"17.10.2004","424,32","418,62","424,32","424,32","","1,31%"
"10.10.2004","418,82","419,38","418,82","418,82","","-0,95%"
"03.10.2004","422,82","418,88","422,82","422,82","","0,86%"
"26.09.2004","419,23","409,77","419,23","419,23","","2,77%"
"19.09.2004","407,93","404,88","407,93","407,93","","0,51%"
"12.09.2004","405,88","402,12","405,88","405,88","","0,98%"
"05.09.2004","401,93","401,38","401,93","401,93","","0,35%"
"29.08.2004","400,52","403,62","400,52","400,52","","-0,67%"
"22.08.2004","403,23","412,12","403,23","403,23","","-2,44%"
"15.08.2004","413,32","399,88","413,32","413,32","","3,61%"
"08.08.2004","398,90","398,50","398,90","398,90","","-0,21%"
"01.08.2004","399,75","394,25","399,75","399,75","","2,17%"
"25.07.2004","391,25","390,75","391,25","391,25","","0,33%"
"18.07.2004","389,95","406,50","389,95","389,95","","-4,06%"
"11.07.2004","406,45","407,50","406,45","406,45","","-0,27%"
"04.07.2004","407,57","397,88","407,57","407,57","","2,42%"
"27.06.2004","397,93","403,12","397,93","397,93","","-1,18%"
"20.06.2004","402,68","394,88","402,68","402,68","","1,87%"
"13.06.2004","395,27","384,18","395,27","395,27","","2,65%"
"06.06.2004","385,05","391,60","385,05","385,05","","-1,53%"
"30.05.2004","391,05","394,00","391,05","391,05","","-0,79%"
"23.05.2004","394,18","384,62","394,18","394,18","","2,42%"
"16.05.2004","384,88","377,88","384,88","384,88","","2,07%"
"09.05.2004","377,07","378,62","377,07","377,07","","-0,54%"
"02.05.2004","379,10","389,10","379,10","379,10","","-2,19%"
"25.04.2004","387,60","395,65","387,60","387,60","","-1,90%"
"18.04.2004","395,10","402,25","395,10","395,10","","-1,35%"
"11.04.2004","400,50","420,10","400,50","400,50","","-4,93%"
"04.04.2004","421,25","421,50","421,25","421,25","","0,35%"
"28.03.2004","419,80","421,50","419,80","419,80","","-0,64%"
"21.03.2004","422,50","412,00","422,50","422,50","","2,52%"
"14.03.2004","412,12","396,12","412,12","412,12","","4,27%"
"07.03.2004","395,25","400,60","395,25","395,25","","-1,53%"
"29.02.2004","401,40","397,25","401,40","401,40","","1,25%"
"22.02.2004","396,45","398,10","396,45","396,45","","-0,29%"
"15.02.2004","397,62","410,38","397,62","397,62","","-3,07%"
"08.02.2004","410,20","402,35","410,20","410,20","","1,71%"
"01.02.2004","403,30","402,50","403,30","403,30","","0,18%"
"25.01.2004","402,57","407,62","402,57","402,57","","-1,37%"
"18.01.2004","408,18","407,62","408,18","408,18","","0,40%"
"11.01.2004","406,57","426,62","406,57","406,57","","-4,70%"
"04.01.2004","426,60","416,10","426,60","426,60","","2,77%"
"28.12.2003","415,12","411,88","415,12","415,12","","0,66%"
"21.12.2003","412,40","408,65","412,40","412,40","","0,75%"
"14.12.2003","409,35","408,25","409,35","409,35","","0,05%"
"07.12.2003","409,15","406,05","409,15","409,15","","0,69%"
"30.11.2003","406,35","398,50","406,35","406,35","","2,13%"
"23.11.2003","397,88","396,38","397,88","397,88","","0,42%"
"16.11.2003","396,20","399,15","396,20","396,20","","-0,36%"
"09.11.2003","397,62","383,38","397,62","397,62","","3,78%"
"02.11.2003","383,12","384,62","383,12","383,12","","-0,33%"
"26.10.2003","384,40","388,35","384,40","384,40","","-1,11%"
"19.10.2003","388,70","372,65","388,70","388,70","","4,58%"
"12.10.2003","371,68","373,73","371,68","371,68","","-0,52%"
"05.10.2003","373,62","371,62","373,62","373,62","","1,06%"
"28.09.2003","369,70","381,35","369,70","369,70","","-2,93%"
"21.09.2003","380,85","382,25","380,85","380,85","","-0,29%"
"14.09.2003","381,95","375,85","381,95","381,95","","1,82%"
"07.09.2003","375,12","376,77","375,12","375,12","","-0,55%"
"31.08.2003","377,20","374,80","377,20","377,20","","0,43%"
"24.08.2003","375,57","362,57","375,57","375,57","","3,42%"
"17.08.2003","363,15","363,60","363,15","363,15","","-0,11%"
"10.08.2003","363,55","356,35","363,55","363,55","","1,93%"
"03.08.2003","356,65","347,60","356,65","356,65","","2,49%"
"27.07.2003","347,98","362,12","347,98","347,98","","-4,08%"
"20.07.2003","362,80","347,60","362,80","362,80","","4,46%"
"13.07.2003","347,30","345,15","347,30","347,30","","0,62%"
"06.07.2003","345,15","351,00","345,15","345,15","","-1,62%"
"29.06.2003","350,85","345,00","350,85","350,85","","1,62%"
"22.06.2003","345,25","357,35","345,25","345,25","","-3,39%"
"15.06.2003","357,38","356,88","357,38","357,38","","0,14%"
"08.06.2003","356,88","362,88","356,88","356,88","","-1,89%"
"01.06.2003","363,75","362,35","363,75","363,75","","-0,34%"
"25.05.2003","364,98","367,88","364,98","364,98","","-1,02%"
"18.05.2003","368,75","356,85","368,75","368,75","","3,92%"
"11.05.2003","354,85","348,75","354,85","354,85","","1,76%"
"04.05.2003","348,70","341,90","348,70","348,70","","2,24%"
"27.04.2003","341,05","333,35","341,05","341,05","","2,29%"
"20.04.2003","333,40","327,30","333,40","333,40","","1,88%"
"13.04.2003","327,25","326,75","327,25","327,25","","-0,28%"
"06.04.2003","328,18","321,88","328,18","328,18","","0,76%"
"30.03.2003","325,70","332,60","325,70","325,70","","-1,87%"
"23.03.2003","331,90","327,80","331,90","331,90","","1,75%"
"16.03.2003","326,18","335,07","326,18","326,18","","-3,07%"
"09.03.2003","336,50","351,90","336,50","336,50","","-4,02%"
"02.03.2003","350,60","348,65","350,60","350,60","","0,21%"
"23.02.2003","349,85","351,35","349,85","349,85","","-0,45%"
"16.02.2003","351,43","350,38","351,43","351,43","","0,12%"
"09.02.2003","351,00","369,50","351,00","351,00","","-5,11%"
"02.02.2003","369,90","368,25","369,90","369,90","","0,39%"
"26.01.2003","368,48","368,88","368,48","368,48","","-0,04%"
"19.01.2003","368,62","356,38","368,62","368,62","","3,41%"
"12.01.2003","356,48","353,38","356,48","356,48","","0,51%"
"05.01.2003","354,68","350,88","354,68","354,68","","0,99%"
"29.12.2002","351,20","349,30","351,20","351,20","","0,57%"
"22.12.2002","349,20","340,30","349,20","349,20","","2,49%"
"15.12.2002","340,70","332,85","340,70","340,70","","2,27%"
"08.12.2002","333,15","326,45","333,15","333,15","","2,11%"
"01.12.2002","326,25","318,85","326,25","326,25","","2,26%"
"24.11.2002","319,05","320,25","319,05","319,05","","-0,62%"
"17.11.2002","321,05","320,25","321,05","321,05","","0,16%"
"10.11.2002","320,55","321,50","320,55","320,55","","-0,31%"
"03.11.2002","321,55","318,75","321,55","321,55","","0,41%"
"27.10.2002","320,25","313,35","320,25","320,25","","2,04%"
"20.10.2002","313,85","312,85","313,85","313,85","","0,32%"
"13.10.2002","312,85","317,65","312,85","312,85","","-1,23%"
"06.10.2002","316,75","322,75","316,75","316,75","","-1,71%"
"29.09.2002","322,25","320,90","322,25","322,25","","0,72%"
"22.09.2002","319,95","322,75","319,95","319,95","","-0,68%"
"15.09.2002","322,15","316,10","322,15","322,15","","1,67%"
"08.09.2002","316,85","320,05","316,85","316,85","","-1,06%"
"01.09.2002","320,25","312,65","320,25","320,25","","2,40%"
"25.08.2002","312,75","307,35","312,75","312,75","","1,87%"
"18.08.2002","307,00","313,75","307,00","307,00","","-2,23%"
"11.08.2002","314,00","313,55","314,00","314,00","","-0,19%"
"04.08.2002","314,60","307,00","314,60","314,60","","2,34%"
"28.07.2002","307,40","303,75","307,40","307,40","","1,20%"
"21.07.2002","303,75","324,75","303,75","303,75","","-6,24%"
"14.07.2002","323,95","316,25","323,95","323,95","","2,52%"
"07.07.2002","316,00","310,25","316,00","316,00","","1,44%"
"30.06.2002","311,50","314,00","311,50","311,50","","-0,99%"
"23.06.2002","314,62","325,12","314,62","314,62","","-3,09%"
"16.06.2002","324,65","319,25","324,65","324,65","","1,64%"
"09.06.2002","319,40","323,55","319,40","319,40","","-1,42%"
"02.06.2002","324,00","326,55","324,00","324,00","","-0,78%"
"26.05.2002","326,55","320,95","326,55","326,55","","1,86%"
"19.05.2002","320,60","310,65","320,60","320,60","","3,09%"
"12.05.2002","311,00","310,75","311,00","311,00","","-0,02%"
"05.05.2002","311,05","311,50","311,05","311,05","","-0,29%"
"28.04.2002","311,95","311,05","311,95","311,95","","0,19%"
"21.04.2002","311,35","302,15","311,35","311,35","","2,98%"
"14.04.2002","302,35","301,15","302,35","302,35","","0,07%"
"07.04.2002","302,15","300,15","302,15","302,15","","0,70%"
"31.03.2002","300,05","302,25","300,05","300,05","","-0,88%"
"24.03.2002","302,70","297,25","302,70","302,70","","1,66%"
"17.03.2002","297,75","290,35","297,75","297,75","","2,65%"
"10.03.2002","290,05","289,65","290,05","290,05","","0,10%"
"03.03.2002","289,75","298,05","289,75","289,75","","-2,82%"
"24.02.2002","298,15","291,50","298,15","298,15","","1,76%"
"17.02.2002","293,00","298,75","293,00","293,00","","-1,71%"
"10.02.2002","298,10","303,60","298,10","298,10","","-1,94%"
"03.02.2002","304,00","286,50","304,00","304,00","","6,20%"
"27.01.2002","286,25","279,35","286,25","286,25","","2,43%"
"20.01.2002","279,45","283,55","279,45","279,45","","-1,45%"
"13.01.2002","283,55","287,35","283,55","283,55","","-1,39%"
"06.01.2002","287,55","278,90","287,55","287,55","","3,08%"
"30.12.2001","278,95","276,15","278,95","278,95","","0,87%"
"23.12.2001","276,55","277,70","276,55","276,55","","-0,58%"
"16.12.2001","278,15","278,25","278,15","278,15","","-0,11%"
"09.12.2001","278,45","274,45","278,45","278,45","","1,42%"
"02.12.2001","274,55","274,80","274,55","274,55","","0,05%"
"25.11.2001","274,40","273,00","274,40","274,40","","0,55%"
"18.11.2001","272,90","274,85","272,90","272,90","","-0,71%"
"11.11.2001","274,85","277,65","274,85","274,85","","-0,94%"
"04.11.2001","277,45","280,25","277,45","277,45","","-0,89%"
"28.10.2001","279,95","277,50","279,95","279,95","","0,92%"
"21.10.2001","277,40","279,40","277,40","277,40","","-0,85%"
"14.10.2001","279,77","284,38","279,77","279,77","","-1,73%"
"07.10.2001","284,70","292,75","284,70","284,70","","-2,25%"
"30.09.2001","291,25","291,95","291,25","291,25","","-0,58%"
"23.09.2001","292,95","291,25","292,95","292,95","","0,43%"
"16.09.2001","291,70","290,50","291,70","291,70","","1,89%"
"09.09.2001","286,30","273,90","286,30","286,30","","4,81%"
"02.09.2001","273,15","274,25","273,15","273,15","","-0,47%"
"26.08.2001","274,45","272,75","274,45","274,45","","0,59%"
"19.08.2001","272,85","278,75","272,85","272,85","","-2,29%"
"12.08.2001","279,25","274,00","279,25","279,25","","1,82%"
"05.08.2001","274,25","268,45","274,25","274,25","","2,16%"
"29.07.2001","268,45","267,85","268,45","268,45","","0,22%"
"22.07.2001","267,85","270,00","267,85","267,85","","-0,85%"
"15.07.2001","270,15","267,30","270,15","270,15","","1,05%"
"08.07.2001","267,35","266,45","267,35","267,35","","0,41%"
"01.07.2001","266,25","270,80","266,25","266,25","","-1,70%"
"24.06.2001","270,85","272,55","270,85","270,85","","-0,64%"
"17.06.2001","272,60","271,55","272,60","272,60","","0,53%"
"10.06.2001","271,15","273,75","271,15","271,15","","-0,86%"
"03.06.2001","273,50","267,20","273,50","273,50","","2,43%"
"27.05.2001","267,00","277,50","267,00","267,00","","-3,92%"
"20.05.2001","277,90","286,50","277,90","277,90","","-2,95%"
"13.05.2001","286,35","268,20","286,35","286,35","","6,83%"
"06.05.2001","268,05","266,05","268,05","268,05","","0,71%"
"29.04.2001","266,15","263,90","266,15","266,15","","0,80%"
"22.04.2001","264,05","264,25","264,05","264,05","","-0,23%"
"15.04.2001","264,65","260,00","264,65","264,65","","1,73%"
"08.04.2001","260,15","260,05","260,15","260,15","","0,10%"
"01.04.2001","259,90","257,75","259,90","259,90","","0,76%"
"25.03.2001","257,95","262,15","257,95","257,95","","-1,68%"
"18.03.2001","262,35","258,80","262,35","262,35","","1,39%"
"11.03.2001","258,75","272,20","258,75","258,75","","-5,00%"
"04.03.2001","272,38","262,77","272,38","272,38","","3,67%"
"25.02.2001","262,75","261,75","262,75","262,75","","0,48%"
"18.02.2001","261,50","258,70","261,50","261,50","","0,98%"
"11.02.2001","258,95","261,35","258,95","258,95","","-0,65%"
"04.02.2001","260,65","267,15","260,65","260,65","","-2,56%"
"28.01.2001","267,50","263,55","267,50","267,50","","1,69%"
"21.01.2001","263,05","265,55","263,05","263,05","","-0,68%"
"14.01.2001","264,85","264,50","264,85","264,85","","0,23%"
"07.01.2001","264,25","268,35","264,25","264,25","","-1,44%"
"31.12.2000","268,10","272,75","268,10","268,10","","-1,58%"
"24.12.2000","272,40","273,75","272,40","272,40","","-0,57%"
"17.12.2000","273,95","271,00","273,95","273,95","","1,13%"
"10.12.2000","270,90","272,75","270,90","270,90","","-0,68%"
"03.12.2000","272,75","269,75","272,75","272,75","","1,24%"
"26.11.2000","269,40","265,75","269,40","269,40","","1,30%"
"19.11.2000","265,95","266,25","265,95","265,95","","0,06%"
"12.11.2000","265,80","264,75","265,80","265,80","","0,43%"
"05.11.2000","264,65","265,20","264,65","264,65","","-0,21%"
"29.10.2000","265,20","264,80","265,20","265,20","","0,25%"
"22.10.2000","264,55","271,30","264,55","264,55","","-2,56%"
"15.10.2000","271,50","272,50","271,50","271,50","","-0,42%"
"08.10.2000","272,65","269,95","272,65","272,65","","1,11%"
"01.10.2000","269,65","274,25","269,65","269,65","","-1,68%"
"24.09.2000","274,25","272,05","274,25","274,25","","0,77%"
"17.09.2000","272,15","272,55","272,15","272,15","","-0,15%"
"10.09.2000","272,55","273,05","272,55","272,55","","-0,18%"
"03.09.2000","273,05","277,05","273,05","273,05","","-1,37%"
"27.08.2000","276,85","274,25","276,85","276,85","","0,95%"
"20.08.2000","274,25","276,70","274,25","274,25","","-0,87%"
"13.08.2000","276,65","275,10","276,65","276,65","","0,55%"
"06.08.2000","275,15","272,75","275,15","275,15","","0,70%"
"30.07.2000","273,25","278,15","273,25","273,25","","-1,85%"
"23.07.2000","278,40","280,05","278,40","278,40","","-0,70%"
"16.07.2000","280,35","281,15","280,35","280,35","","-0,36%"
"09.07.2000","281,35","283,70","281,35","281,35","","-0,81%"
"02.07.2000","283,65","289,75","283,65","283,65","","-2,22%"
"25.06.2000","290,10","283,00","290,10","290,10","","2,44%"
"18.06.2000","283,20","288,45","283,20","283,20","","-2,09%"
"11.06.2000","289,25","283,85","289,25","289,25","","1,90%"
"04.06.2000","283,85","280,25","283,85","283,85","","0,88%"
"28.05.2000","281,38","272,38","281,38","281,38","","3,43%"
"21.05.2000","272,05","274,10","272,05","272,05","","-0,80%"
"14.05.2000","274,25","276,45","274,25","274,25","","-0,69%"
"07.05.2000","276,15","278,90","276,15","276,15","","-1,00%"
"30.04.2000","278,95","273,75","278,95","278,95","","1,99%"
"23.04.2000","273,50","279,75","273,50","273,50","","-2,32%"
"16.04.2000","280,00","283,90","280,00","280,00","","-1,06%"
"09.04.2000","283,00","280,20","283,00","283,00","","1,00%"
"02.04.2000","280,20","279,00","280,20","280,20","","0,45%"
"26.03.2000","278,95","285,00","278,95","278,95","","-2,09%"
"19.03.2000","284,90","283,70","284,90","284,90","","0,14%"
"12.03.2000","284,50","289,00","284,50","284,50","","-1,56%"
"05.03.2000","289,00","289,00","289,00","289,00","","0,07%"
"27.02.2000","288,80","292,75","288,80","288,80","","-1,30%"
"20.02.2000","292,60","304,50","292,60","292,60","","-4,00%"
"13.02.2000","304,80","311,00","304,80","304,80","","-2,06%"
"06.02.2000","311,20","310,00","311,20","311,20","","-1,27%"
"30.01.2000","315,20","283,35","315,20","315,20","","11,48%"
"23.01.2000","282,75","288,75","282,75","282,75","","-2,20%"
"16.01.2000","289,10","284,20","289,10","289,10","","1,80%"
"09.01.2000","284,00","281,70","284,00","284,00","","0,80%"
"02.01.2000","281,75","288,25","281,75","281,75","","-2,25%"
"26.12.1999","288,25","288,00","288,25","288,25","","0,17%"
"19.12.1999","287,75","283,70","287,75","287,75","","1,39%"
"12.12.1999","283,80","279,50","283,80","283,80","","1,70%"
"05.12.1999","279,05","280,15","279,05","279,05","","-0,37%"
"28.11.1999","280,10","297,50","280,10","280,10","","-6,01%"
"21.11.1999","298,00","294,15","298,00","298,00","","1,02%"
"14.11.1999","295,00","292,00","295,00","295,00","","1,27%"
"07.11.1999","291,30","290,00","291,30","291,30","","0,28%"
"31.10.1999","290,50","297,50","290,50","290,50","","-2,94%"
"24.10.1999","299,30","302,30","299,30","299,30","","-1,19%"
"17.10.1999","302,90","315,50","302,90","302,90","","-3,96%"
"10.10.1999","315,40","320,00","315,40","315,40","","-1,59%"
"03.10.1999","320,50","305,00","320,50","320,50","","4,98%"
"26.09.1999","305,30","273,50","305,30","305,30","","13,60%"
"19.09.1999","268,75","255,05","268,75","268,75","","5,31%"
"12.09.1999","255,20","256,35","255,20","255,20","","-0,53%"
"05.09.1999","256,55","254,45","256,55","256,55","","0,90%"
"29.08.1999","254,25","253,55","254,25","254,25","","0,20%"
"22.08.1999","253,75","257,85","253,75","253,75","","-1,42%"
"15.08.1999","257,40","260,40","257,40","257,40","","-1,25%"
"08.08.1999","260,65","256,15","260,65","260,65","","1,72%"
"01.08.1999","256,25","255,95","256,25","256,25","","0,12%"
"25.07.1999","255,95","254,50","255,95","255,95","","0,47%"
"18.07.1999","254,75","254,00","254,75","254,75","","0,39%"
"11.07.1999","253,75","257,15","253,75","253,75","","-1,28%"
"04.07.1999","257,05","263,20","257,05","257,05","","-2,36%"
"27.06.1999","263,25","259,50","263,25","263,25","","1,39%"
"20.06.1999","259,65","259,15","259,65","259,65","","0,04%"
"13.06.1999","259,55","260,15","259,55","259,55","","-0,42%"
"06.06.1999","260,65","265,45","260,65","260,65","","-1,77%"
"30.05.1999","265,35","270,20","265,35","265,35","","-1,81%"
"23.05.1999","270,25","273,05","270,25","270,25","","-1,01%"
"16.05.1999","273,00","275,90","273,00","273,00","","-1,07%"
"09.05.1999","275,95","282,35","275,95","275,95","","-2,40%"
"02.05.1999","282,75","286,25","282,75","282,75","","-1,36%"
"25.04.1999","286,65","283,45","286,65","286,65","","1,09%"
"18.04.1999","283,55","283,25","283,55","283,55","","-0,11%"
"11.04.1999","283,85","281,55","283,85","283,85","","0,82%"
"04.04.1999","281,55","279,30","281,55","281,55","","0,82%"
"28.03.1999","279,25","279,90","279,25","279,25","","-0,18%"
"21.03.1999","279,75","284,45","279,75","279,75","","-1,58%"
"14.03.1999","284,25","292,75","284,25","284,25","","-2,77%"
"07.03.1999","292,35","288,10","292,35","292,35","","1,46%"
"28.02.1999","288,15","286,90","288,15","288,15","","0,47%"
"21.02.1999","286,80","287,55","286,80","286,80","","-0,50%"
"14.02.1999","288,25","289,40","288,25","288,25","","-0,45%"
"07.02.1999","289,55","288,75","289,55","289,55","","0,35%"
"31.01.1999","288,55","286,65","288,55","288,55","","0,77%"
"24.01.1999","286,35","286,45","286,35","286,35","","-0,07%"
"17.01.1999","286,55","286,65","286,55","286,55","","-0,17%"
"10.01.1999","287,05","291,50","287,05","287,05","","-1,44%"
"03.01.1999","291,25","288,55","291,25","291,25","","1,04%"
"27.12.1998","288,25","286,35","288,25","288,25","","0,52%"
"20.12.1998","286,75","289,65","286,75","286,75","","-0,86%"
"13.12.1998","289,25","291,15","289,25","289,25","","-0,55%"
"06.12.1998","290,85","292,15","290,85","290,85","","-0,56%"
"29.11.1998","292,50","296,10","292,50","292,50","","-1,13%"
"22.11.1998","295,85","296,05","295,85","295,85","","-0,07%"
"15.11.1998","296,05","295,75","296,05","296,05","","0,07%"
"08.11.1998","295,85","292,85","295,85","295,85","","0,96%"
"01.11.1998","293,05","292,75","293,05","293,05","","0,17%"
"25.10.1998","292,55","292,80","292,55","292,55","","-0,14%"
"18.10.1998","292,95","299,95","292,95","292,95","","-2,33%"
"11.10.1998","299,95","296,70","299,95","299,95","","1,08%"
"04.10.1998","296,75","300,35","296,75","296,75","","-1,26%"
"27.09.1998","300,55","294,25","300,55","300,55","","2,18%"
"20.09.1998","294,15","290,65","294,15","294,15","","0,93%"
"13.09.1998","291,45","292,70","291,45","291,45","","-0,78%"
"06.09.1998","293,75","287,05","293,75","293,75","","2,41%"
"30.08.1998","286,85","274,15","286,85","286,85","","4,56%"
"23.08.1998","274,35","284,25","274,35","274,35","","-3,67%"
"16.08.1998","284,80","283,80","284,80","284,80","","0,26%"
"09.08.1998","284,05","286,85","284,05","284,05","","-0,91%"
"02.08.1998","286,65","286,50","286,65","286,65","","0,07%"
"26.07.1998","286,45","291,50","286,45","286,45","","-1,72%"
"19.07.1998","291,45","294,50","291,45","291,45","","-1,04%"
"12.07.1998","294,50","289,85","294,50","294,50","","1,25%"
"05.07.1998","290,85","294,10","290,85","290,85","","-1,32%"
"28.06.1998","294,75","293,15","294,75","294,75","","0,31%"
"21.06.1998","293,85","297,00","293,85","293,85","","-1,64%"
"14.06.1998","298,75","285,55","298,75","298,75","","4,46%"
"07.06.1998","286,00","291,70","286,00","286,00","","-1,94%"
"31.05.1998","291,65","293,10","291,65","291,65","","-0,44%"
"24.05.1998","292,95","299,60","292,95","292,95","","-2,30%"
"17.05.1998","299,85","301,00","299,85","299,85","","-0,46%"
"10.05.1998","301,25","299,65","301,25","301,25","","0,47%"
"03.05.1998","299,85","302,75","299,85","299,85","","-0,79%"
"26.04.1998","302,25","312,45","302,25","302,25","","-3,33%"
"19.04.1998","312,65","306,95","312,65","312,65","","1,59%"
"12.04.1998","307,75","310,50","307,75","307,75","","-0,97%"
"05.04.1998","310,75","308,30","310,75","310,75","","0,81%"
"29.03.1998","308,25","302,75","308,25","308,25","","1,78%"